Fecha_publicación;CCAA;Pfizer;Moderna;AstraZeneca;Janssen;Personas_pauta_completa
04/01/2021;Andalucía;140295;0;0;0;0
04/01/2021;Aragón;23715;0;0;0;0
04/01/2021;Asturias;23720;0;0;0;0
04/01/2021;Baleares;8940;0;0;0;0
04/01/2021;Canarias;20835;0;0;0;0
04/01/2021;Cantabria;11850;0;0;0;0
04/01/2021;Castilla y Leon;51390;0;0;0;0
04/01/2021;Castilla La Mancha;35550;0;0;0;0
04/01/2021;Cataluña;120545;0;0;0;0
04/01/2021;C Valenciana;61225;0;0;0;0
04/01/2021;Extremadura;21725;0;0;0;0
04/01/2021;Galicia;37555;0;0;0;0
04/01/2021;La Rioja;5915;0;0;0;0
04/01/2021;Madrid;89040;0;0;0;0
04/01/2021;Murcia;25685;0;0;0;0
04/01/2021;Navarra;6975;0;0;0;0
04/01/2021;País Vasco;31605;0;0;0;0
04/01/2021;Ceuta;1005;0;0;0;0
04/01/2021;Melilla;1005;0;0;0;0
04/01/2021;España;718575;0;0;0;0
05/01/2021;Andalucía;140295;0;0;0;0
05/01/2021;Aragón;23715;0;0;0;0
05/01/2021;Asturias;23720;0;0;0;0
05/01/2021;Baleares;12840;0;0;0;0
05/01/2021;Canarias;27660;0;0;0;0
05/01/2021;Cantabria;11850;0;0;0;0
05/01/2021;Castilla y Leon;51390;0;0;0;0
05/01/2021;Castilla La Mancha;35550;0;0;0;0
05/01/2021;Cataluña;120545;0;0;0;0
05/01/2021;C Valenciana;61225;0;0;0;0
05/01/2021;Extremadura;21725;0;0;0;0
05/01/2021;Galicia;37555;0;0;0;0
05/01/2021;La Rioja;5915;0;0;0;0
05/01/2021;Madrid;98790;0;0;0;0
05/01/2021;Murcia;25685;0;0;0;0
05/01/2021;Navarra;11850;0;0;0;0
05/01/2021;País Vasco;31605;0;0;0;0
05/01/2021;Ceuta;1005;0;0;0;0
05/01/2021;Melilla;1005;0;0;0;0
05/01/2021;España;743925;0;0;0;0
07/01/2021;Andalucía;140295;0;0;0;0
07/01/2021;Aragón;23715;0;0;0;0
07/01/2021;Asturias;23720;0;0;0;0
07/01/2021;Baleares;12840;0;0;0;0
07/01/2021;Canarias;27660;0;0;0;0
07/01/2021;Cantabria;11850;0;0;0;0
07/01/2021;Castilla y Leon;51390;0;0;0;0
07/01/2021;Castilla La Mancha;35550;0;0;0;0
07/01/2021;Cataluña;120545;0;0;0;0
07/01/2021;C Valenciana;61225;0;0;0;0
07/01/2021;Extremadura;21725;0;0;0;0
07/01/2021;Galicia;37555;0;0;0;0
07/01/2021;La Rioja;5915;0;0;0;0
07/01/2021;Madrid;98790;0;0;0;0
07/01/2021;Murcia;25685;0;0;0;0
07/01/2021;Navarra;11850;0;0;0;0
07/01/2021;País Vasco;31605;0;0;0;0
07/01/2021;Ceuta;1005;0;0;0;0
07/01/2021;Melilla;1005;0;0;0;0
07/01/2021;España;743925;0;0;0;0
08/01/2021;Andalucía;140295;0;0;0;0
08/01/2021;Aragón;23715;0;0;0;0
08/01/2021;Asturias;23720;0;0;0;0
08/01/2021;Baleares;12840;0;0;0;0
08/01/2021;Canarias;27660;0;0;0;0
08/01/2021;Cantabria;11850;0;0;0;0
08/01/2021;Castilla y Leon;51390;0;0;0;0
08/01/2021;Castilla La Mancha;35550;0;0;0;0
08/01/2021;Cataluña;120545;0;0;0;0
08/01/2021;C Valenciana;61225;0;0;0;0
08/01/2021;Extremadura;21725;0;0;0;0
08/01/2021;Galicia;37555;0;0;0;0
08/01/2021;La Rioja;5915;0;0;0;0
08/01/2021;Madrid;98790;0;0;0;0
08/01/2021;Murcia;25685;0;0;0;0
08/01/2021;Navarra;11850;0;0;0;0
08/01/2021;País Vasco;31605;0;0;0;0
08/01/2021;Ceuta;1005;0;0;0;0
08/01/2021;Melilla;1005;0;0;0;0
08/01/2021;España;743925;0;0;0;0
11/01/2021;Andalucía;140295;0;0;0;0
11/01/2021;Aragón;23715;0;0;0;0
11/01/2021;Asturias;23720;0;0;0;0
11/01/2021;Baleares;12840;0;0;0;0
11/01/2021;Canarias;27660;0;0;0;0
11/01/2021;Cantabria;11850;0;0;0;0
11/01/2021;Castilla y Leon;51390;0;0;0;0
11/01/2021;Castilla La Mancha;35550;0;0;0;0
11/01/2021;Cataluña;120545;0;0;0;0
11/01/2021;C Valenciana;61225;0;0;0;0
11/01/2021;Extremadura;21725;0;0;0;0
11/01/2021;Galicia;37555;0;0;0;0
11/01/2021;La Rioja;5915;0;0;0;0
11/01/2021;Madrid;98790;0;0;0;0
11/01/2021;Murcia;25685;0;0;0;0
11/01/2021;Navarra;11850;0;0;0;0
11/01/2021;País Vasco;31605;0;0;0;0
11/01/2021;Ceuta;1005;0;0;0;0
11/01/2021;Melilla;1005;0;0;0;0
11/01/2021;España;743925;0;0;0;0
12/01/2021;Andalucía;140295;0;0;0;0
12/01/2021;Aragón;23715;0;0;0;0
12/01/2021;Asturias;23720;0;0;0;0
12/01/2021;Baleares;12840;0;0;0;0
12/01/2021;Canarias;27660;0;0;0;0
12/01/2021;Cantabria;11850;0;0;0;0
12/01/2021;Castilla y Leon;51390;0;0;0;0
12/01/2021;Castilla La Mancha;35550;0;0;0;0
12/01/2021;Cataluña;120545;0;0;0;0
12/01/2021;C Valenciana;61225;0;0;0;0
12/01/2021;Extremadura;21725;0;0;0;0
12/01/2021;Galicia;37555;0;0;0;0
12/01/2021;La Rioja;5915;0;0;0;0
12/01/2021;Madrid;98790;0;0;0;0
12/01/2021;Murcia;25685;0;0;0;0
12/01/2021;Navarra;11850;0;0;0;0
12/01/2021;País Vasco;31605;0;0;0;0
12/01/2021;Ceuta;1005;0;0;0;0
12/01/2021;Melilla;1005;0;0;0;0
12/01/2021;España;743925;0;0;0;0
13/01/2021;Andalucía;209520;0;0;0;0
13/01/2021;Aragón;35415;0;0;0;0
13/01/2021;Asturias;35420;0;0;0;0
13/01/2021;Baleares;12840;0;0;0;0
13/01/2021;Canarias;41310;0;0;0;0
13/01/2021;Cantabria;17700;0;0;0;0
13/01/2021;Castilla y Leon;76740;0;0;0;0
13/01/2021;Castilla La Mancha;53100;0;0;0;0
13/01/2021;Cataluña;180020;0;0;0;0
13/01/2021;C Valenciana;91450;0;0;0;0
13/01/2021;Extremadura;32450;0;0;0;0
13/01/2021;Galicia;56080;0;0;0;0
13/01/2021;La Rioja;8840;0;0;0;0
13/01/2021;Madrid;147540;0;0;0;0
13/01/2021;Murcia;38360;0;0;0;0
13/01/2021;Navarra;17700;0;0;0;0
13/01/2021;País Vasco;47205;0;0;0;0
13/01/2021;Ceuta;1005;0;0;0;0
13/01/2021;Melilla;1005;0;0;0;0
13/01/2021;España;1103700;0;0;0;0
14/01/2021;Andalucía;209520;6800;0;0;0
14/01/2021;Aragón;35415;1200;0;0;0
14/01/2021;Asturias;35420;1200;0;0;0
14/01/2021;Baleares;12840;600;0;0;0
14/01/2021;Canarias;41310;1300;0;0;0
14/01/2021;Cantabria;17700;500;0;0;0
14/01/2021;Castilla y Leon;76740;2500;0;0;0
14/01/2021;Castilla La Mancha;53100;1700;0;0;0
14/01/2021;Cataluña;180020;5800;0;0;0
14/01/2021;C Valenciana;91450;2900;0;0;0
14/01/2021;Extremadura;32450;1000;0;0;0
14/01/2021;Galicia;56080;1800;0;0;0
14/01/2021;La Rioja;8840;200;0;0;0
14/01/2021;Madrid;147540;4700;0;0;0
14/01/2021;Murcia;38360;1200;0;0;0
14/01/2021;Navarra;17700;500;0;0;0
14/01/2021;País Vasco;47205;1400;0;0;0
14/01/2021;Ceuta;1005;200;0;0;0
14/01/2021;Melilla;1005;200;0;0;0
14/01/2021;España;1103700;35700;0;0;0
15/01/2021;Andalucía;209520;6800;0;0;0
15/01/2021;Aragón;35415;1200;0;0;0
15/01/2021;Asturias;35420;1200;0;0;0
15/01/2021;Baleares;12840;600;0;0;0
15/01/2021;Canarias;41310;1300;0;0;0
15/01/2021;Cantabria;17700;500;0;0;0
15/01/2021;Castilla y Leon;76740;2500;0;0;0
15/01/2021;Castilla La Mancha;53100;1700;0;0;0
15/01/2021;Cataluña;180020;5800;0;0;0
15/01/2021;C Valenciana;91450;2900;0;0;0
15/01/2021;Extremadura;32450;1000;0;0;0
15/01/2021;Galicia;56080;1800;0;0;0
15/01/2021;La Rioja;8840;200;0;0;0
15/01/2021;Madrid;147540;4700;0;0;0
15/01/2021;Murcia;38360;1200;0;0;0
15/01/2021;Navarra;17700;500;0;0;0
15/01/2021;País Vasco;47205;1400;0;0;0
15/01/2021;Ceuta;1005;200;0;0;0
15/01/2021;Melilla;1005;200;0;0;0
15/01/2021;España;1103700;35700;0;0;0
18/01/2021;Andalucía;209520;6800;0;0;533
18/01/2021;Aragón;35415;1200;0;0;0
18/01/2021;Asturias;35420;1200;0;0;202
18/01/2021;Baleares;16740;600;0;0;155
18/01/2021;Canarias;41310;1300;0;0;327
18/01/2021;Cantabria;17700;500;0;0;0
18/01/2021;Castilla y Leon;76740;2500;0;0;124
18/01/2021;Castilla La Mancha;53100;1700;0;0;0
18/01/2021;Cataluña;180020;5800;0;0;167
18/01/2021;C Valenciana;91450;2900;0;0;152
18/01/2021;Extremadura;32450;1000;0;0;0
18/01/2021;Galicia;56080;1800;0;0;150
18/01/2021;La Rioja;8840;200;0;0;0
18/01/2021;Madrid;147540;4700;0;0;476
18/01/2021;Murcia;38360;1200;0;0;0
18/01/2021;Navarra;17700;500;0;0;0
18/01/2021;País Vasco;47205;1400;0;0;0
18/01/2021;Ceuta;1005;200;0;0;29
18/01/2021;Melilla;1005;200;0;0;0
18/01/2021;España;1107600;35700;0;0;2315
19/01/2021;Andalucía;209520;6800;0;0;1773
19/01/2021;Aragón;35415;1200;0;0;250
19/01/2021;Asturias;35420;1200;0;0;1285
19/01/2021;Baleares;16740;600;0;0;164
19/01/2021;Canarias;41310;1300;0;0;339
19/01/2021;Cantabria;17700;500;0;0;0
19/01/2021;Castilla y Leon;76740;2500;0;0;432
19/01/2021;Castilla La Mancha;53100;1700;0;0;189
19/01/2021;Cataluña;180020;5800;0;0;432
19/01/2021;C Valenciana;91450;2900;0;0;588
19/01/2021;Extremadura;32450;1000;0;0;254
19/01/2021;Galicia;56080;1800;0;0;1191
19/01/2021;La Rioja;8840;200;0;0;44
19/01/2021;Madrid;147540;4700;0;0;719
19/01/2021;Murcia;38360;1200;0;0;934
19/01/2021;Navarra;17700;500;0;0;299
19/01/2021;País Vasco;47205;1400;0;0;390
19/01/2021;Ceuta;1005;200;0;0;29
19/01/2021;Melilla;1005;200;0;0;29
19/01/2021;España;1107600;35700;0;0;9341
20/01/2021;Andalucía;244620;6800;0;0;4568
20/01/2021;Aragón;41265;1200;0;0;623
20/01/2021;Asturias;44195;1200;0;0;1687
20/01/2021;Baleares;22590;600;0;0;167
20/01/2021;Canarias;46185;1300;0;0;339
20/01/2021;Cantabria;20625;500;0;0;0
20/01/2021;Castilla y Leon;93315;2500;0;0;633
20/01/2021;Castilla La Mancha;61875;1700;0;0;195
20/01/2021;Cataluña;211220;5800;0;0;913
20/01/2021;C Valenciana;109000;2900;0;0;1737
20/01/2021;Extremadura;39275;1000;0;0;254
20/01/2021;Galicia;66805;1800;0;0;1197
20/01/2021;La Rioja;11765;200;0;0;44
20/01/2021;Madrid;171915;4700;0;0;812
20/01/2021;Murcia;45185;1200;0;0;1522
20/01/2021;Navarra;20625;500;0;0;503
20/01/2021;País Vasco;55980;1400;0;0;390
20/01/2021;Ceuta;1980;200;0;0;29
20/01/2021;Melilla;1980;200;0;0;29
20/01/2021;España;1310400;35700;0;0;15642
21/01/2021;Andalucía;244620;6800;0;0;15193
21/01/2021;Aragón;41265;1200;0;0;1731
21/01/2021;Asturias;44195;1200;0;0;5664
21/01/2021;Baleares;22590;600;0;0;1514
21/01/2021;Canarias;46185;1300;0;0;1744
21/01/2021;Cantabria;20625;500;0;0;241
21/01/2021;Castilla y Leon;93315;2500;0;0;5296
21/01/2021;Castilla La Mancha;61875;1700;0;0;1202
21/01/2021;Cataluña;211220;5800;0;0;2598
21/01/2021;C Valenciana;109000;2900;0;0;2956
21/01/2021;Extremadura;39275;1000;0;0;638
21/01/2021;Galicia;66805;1800;0;0;3861
21/01/2021;La Rioja;11765;200;0;0;267
21/01/2021;Madrid;171915;4700;0;0;1738
21/01/2021;Murcia;45185;1200;0;0;1784
21/01/2021;Navarra;20625;500;0;0;767
21/01/2021;País Vasco;55980;1400;0;0;1333
21/01/2021;Ceuta;1980;200;0;0;326
21/01/2021;Melilla;1980;200;0;0;203
21/01/2021;España;1310400;35700;0;0;49056
22/01/2021;Andalucía;244620;6800;0;0;20846
22/01/2021;Aragón;41265;1200;0;0;2165
22/01/2021;Asturias;44195;1200;0;0;6851
22/01/2021;Baleares;22590;600;0;0;2660
22/01/2021;Canarias;46185;1300;0;0;2865
22/01/2021;Cantabria;20625;500;0;0;241
22/01/2021;Castilla y Leon;93315;2500;0;0;6060
22/01/2021;Castilla La Mancha;61875;1700;0;0;1593
22/01/2021;Cataluña;211220;5800;0;0;4101
22/01/2021;C Valenciana;109000;2900;0;0;4139
22/01/2021;Extremadura;39275;1000;0;0;638
22/01/2021;Galicia;66805;1800;0;0;7204
22/01/2021;La Rioja;11765;200;0;0;317
22/01/2021;Madrid;171915;4700;0;0;2263
22/01/2021;Murcia;45185;1200;0;0;2086
22/01/2021;Navarra;20625;500;0;0;807
22/01/2021;País Vasco;55980;1400;0;0;3044
22/01/2021;Ceuta;1980;200;0;0;373
22/01/2021;Melilla;1980;200;0;0;203
22/01/2021;España;1310400;35700;0;0;68456
25/01/2021;Andalucía;244620;6800;0;0;25516
25/01/2021;Aragón;41265;1200;0;0;2222
25/01/2021;Asturias;44195;1200;0;0;9030
25/01/2021;Baleares;22590;600;0;0;2713
25/01/2021;Canarias;46185;1300;0;0;3993
25/01/2021;Cantabria;20625;500;0;0;241
25/01/2021;Castilla y Leon;93315;2500;0;0;9593
25/01/2021;Castilla La Mancha;61875;1700;0;0;2008
25/01/2021;Cataluña;211220;5800;0;0;7472
25/01/2021;C Valenciana;109000;2900;0;0;4532
25/01/2021;Extremadura;39275;1000;0;0;638
25/01/2021;Galicia;66805;1800;0;0;8602
25/01/2021;La Rioja;11765;200;0;0;317
25/01/2021;Madrid;171915;4700;0;0;2634
25/01/2021;Murcia;45185;1200;0;0;4447
25/01/2021;Navarra;20625;500;0;0;809
25/01/2021;País Vasco;55980;1400;0;0;3355
25/01/2021;Ceuta;1980;200;0;0;373
25/01/2021;Melilla;1980;200;0;0;203
25/01/2021;España;1310400;35700;0;0;88698
26/01/2021;Andalucía;244620;6800;0;0;37978
26/01/2021;Aragón;41265;1200;0;0;2945
26/01/2021;Asturias;44195;1200;0;0;10694
26/01/2021;Baleares;22590;600;0;0;2879
26/01/2021;Canarias;46185;1300;0;0;5149
26/01/2021;Cantabria;20625;500;0;0;300
26/01/2021;Castilla y Leon;93315;2500;0;0;13245
26/01/2021;Castilla La Mancha;61875;1700;0;0;3623
26/01/2021;Cataluña;211220;5800;0;0;9620
26/01/2021;C Valenciana;109000;2900;0;0;5393
26/01/2021;Extremadura;39275;1000;0;0;1721
26/01/2021;Galicia;66805;1800;0;0;12042
26/01/2021;La Rioja;11765;200;0;0;455
26/01/2021;Madrid;171915;4700;0;0;4073
26/01/2021;Murcia;45185;1200;0;0;5829
26/01/2021;Navarra;20625;500;0;0;1757
26/01/2021;País Vasco;55980;1400;0;0;5159
26/01/2021;Ceuta;1980;200;0;0;503
26/01/2021;Melilla;1980;200;0;0;332
26/01/2021;España;1310400;35700;0;0;123697
27/01/2021;Andalucía;324180;6800;0;0;50951
27/01/2021;Aragón;55305;1200;0;0;5860
27/01/2021;Asturias;58235;1200;0;0;13727
27/01/2021;Baleares;29610;600;0;0;3114
27/01/2021;Canarias;64320;1300;0;0;6434
27/01/2021;Cantabria;27645;500;0;0;300
27/01/2021;Castilla y Leon;121395;2500;0;0;18756
27/01/2021;Castilla La Mancha;82935;1700;0;0;6982
27/01/2021;Cataluña;280250;5800;0;0;18426
27/01/2021;C Valenciana;142930;2900;0;0;7304
27/01/2021;Extremadura;50975;1000;0;0;3134
27/01/2021;Galicia;87865;1800;0;0;14235
27/01/2021;La Rioja;14105;200;0;0;684
27/01/2021;Madrid;228075;4700;0;0;5611
27/01/2021;Murcia;59225;1200;0;0;7453
27/01/2021;Navarra;27645;500;0;0;2541
27/01/2021;País Vasco;74700;1400;0;0;6637
27/01/2021;Ceuta;1980;200;0;0;503
27/01/2021;Melilla;1980;200;0;0;414
27/01/2021;España;1733355;35700;0;0;173066
28/01/2021;Andalucía;324180;6800;0;0;55004
28/01/2021;Aragón;55305;1200;0;0;6806
28/01/2021;Asturias;58235;1200;0;0;14080
28/01/2021;Baleares;29610;600;0;0;3295
28/01/2021;Canarias;64320;1300;0;0;6864
28/01/2021;Cantabria;27645;500;0;0;782
28/01/2021;Castilla y Leon;121395;2500;0;0;19658
28/01/2021;Castilla La Mancha;82935;1700;0;0;7628
28/01/2021;Cataluña;280250;5800;0;0;23262
28/01/2021;C Valenciana;142930;2900;0;0;8948
28/01/2021;Extremadura;50975;1000;0;0;3135
28/01/2021;Galicia;87865;1800;0;0;15827
28/01/2021;La Rioja;14105;200;0;0;1084
28/01/2021;Madrid;228075;4700;0;0;6987
28/01/2021;Murcia;59225;1200;0;0;8713
28/01/2021;Navarra;27645;500;0;0;2797
28/01/2021;País Vasco;74700;1400;0;0;6906
28/01/2021;Ceuta;1980;200;0;0;569
28/01/2021;Melilla;1980;200;0;0;414
28/01/2021;España;1733355;35700;0;0;192759
29/01/2021;Andalucía;324180;6800;0;0;67511
29/01/2021;Aragón;55305;1200;0;0;9752
29/01/2021;Asturias;58235;1200;0;0;16266
29/01/2021;Baleares;29610;600;0;0;4369
29/01/2021;Canarias;64320;1300;0;0;8772
29/01/2021;Cantabria;27645;500;0;0;924
29/01/2021;Castilla y Leon;121395;2500;0;0;25020
29/01/2021;Castilla La Mancha;82935;1700;0;0;12486
29/01/2021;Cataluña;280250;5800;0;0;35424
29/01/2021;C Valenciana;142930;2900;0;0;11317
29/01/2021;Extremadura;50975;1000;0;0;4460
29/01/2021;Galicia;87865;1800;0;0;20268
29/01/2021;La Rioja;14105;200;0;0;1592
29/01/2021;Madrid;228075;4700;0;0;10595
29/01/2021;Murcia;59225;1200;0;0;9264
29/01/2021;Navarra;27645;500;0;0;3535
29/01/2021;País Vasco;74700;1400;0;0;9052
29/01/2021;Ceuta;1980;200;0;0;628
29/01/2021;Melilla;1980;200;0;0;631
29/01/2021;España;1733355;35700;0;0;251866
01/02/2021;Andalucía;324180;6800;0;0;78640
01/02/2021;Aragón;55305;1200;0;0;10364
01/02/2021;Asturias;58235;1200;0;0;19475
01/02/2021;Baleares;29610;600;0;0;4782
01/02/2021;Canarias;64320;1300;0;0;11501
01/02/2021;Cantabria;27645;500;0;0;2737
01/02/2021;Castilla y Leon;121395;2500;0;0;34446
01/02/2021;Castilla La Mancha;82935;1700;0;0;17460
01/02/2021;Cataluña;280250;5800;0;0;60676
01/02/2021;C Valenciana;142930;2900;0;0;33395
01/02/2021;Extremadura;50975;1000;0;0;8646
01/02/2021;Galicia;87865;1800;0;0;27098
01/02/2021;La Rioja;14105;200;0;0;2490
01/02/2021;Madrid;228075;4700;0;0;15837
01/02/2021;Murcia;59225;1200;0;0;11293
01/02/2021;Navarra;27645;500;0;0;5281
01/02/2021;País Vasco;74700;1400;0;0;12277
01/02/2021;Ceuta;1980;200;0;0;688
01/02/2021;Melilla;1980;200;0;0;806
01/02/2021;España;1733355;35700;0;0;357892
02/02/2021;Andalucía;324180;6800;0;0;90764
02/02/2021;Aragón;55305;1200;0;0;11119
02/02/2021;Asturias;58235;1200;0;0;19503
02/02/2021;Baleares;29610;600;0;0;5026
02/02/2021;Canarias;64320;1300;0;0;14647
02/02/2021;Cantabria;27645;500;0;0;4261
02/02/2021;Castilla y Leon;121395;2500;0;0;35051
02/02/2021;Castilla La Mancha;82935;1700;0;0;21360
02/02/2021;Cataluña;280250;5800;0;0;69431
02/02/2021;C Valenciana;142930;2900;0;0;44979
02/02/2021;Extremadura;50975;1000;0;0;10776
02/02/2021;Galicia;87865;1800;0;0;29065
02/02/2021;La Rioja;14105;200;0;0;3478
02/02/2021;Madrid;228075;4700;0;0;24312
02/02/2021;Murcia;59225;1200;0;0;12580
02/02/2021;Navarra;27645;500;0;0;6320
02/02/2021;País Vasco;74700;1400;0;0;14059
02/02/2021;Ceuta;1980;200;0;0;748
02/02/2021;Melilla;1980;200;0;0;1040
02/02/2021;España;1733355;35700;0;0;418519
03/02/2021;Andalucía;400230;16600;0;0;104529
03/02/2021;Aragón;68175;2900;0;0;15157
03/02/2021;Asturias;69935;2900;0;0;22227
03/02/2021;Baleares;35460;1500;0;0;5262
03/02/2021;Canarias;79530;3200;0;0;17129
03/02/2021;Cantabria;33495;1300;0;0;5861
03/02/2021;Castilla y Leon;149475;6200;0;0;40565
03/02/2021;Castilla La Mancha;101655;4200;0;0;24525
03/02/2021;Cataluña;345770;14300;0;0;80387
03/02/2021;C Valenciana;175690;7000;0;0;58452
03/02/2021;Extremadura;62675;2500;0;0;13202
03/02/2021;Galicia;108925;4500;0;0;31725
03/02/2021;La Rioja;17615;600;0;0;4301
03/02/2021;Madrid;280725;11600;0;0;35902
03/02/2021;Murcia;73265;3000;0;0;14117
03/02/2021;Navarra;33495;1300;0;0;7148
03/02/2021;País Vasco;91080;3600;0;0;16621
03/02/2021;Ceuta;1980;200;0;0;806
03/02/2021;Melilla;1980;200;0;0;1062
03/02/2021;España;2131155;87600;0;0;498978
04/02/2021;Andalucía;400230;16600;0;0;117953
04/02/2021;Aragón;68175;2900;0;0;19535
04/02/2021;Asturias;69935;2900;0;0;25710
04/02/2021;Baleares;35460;1500;0;0;7929
04/02/2021;Canarias;79530;3200;0;0;20260
04/02/2021;Cantabria;33495;1300;0;0;7122
04/02/2021;Castilla y Leon;149475;6200;0;0;45682
04/02/2021;Castilla La Mancha;101655;4200;0;0;27691
04/02/2021;Cataluña;345770;14300;0;0;91724
04/02/2021;C Valenciana;175690;7000;0;0;67840
04/02/2021;Extremadura;62675;2500;0;0;16996
04/02/2021;Galicia;108925;4500;0;0;37572
04/02/2021;La Rioja;17615;600;0;0;5433
04/02/2021;Madrid;280725;11600;0;0;49470
04/02/2021;Murcia;73265;3000;0;0;16462
04/02/2021;Navarra;33495;1300;0;0;8008
04/02/2021;País Vasco;91080;3600;0;0;18773
04/02/2021;Ceuta;1980;200;0;0;895
04/02/2021;Melilla;1980;200;0;0;1067
04/02/2021;España;2131155;87600;0;0;586122
05/02/2021;Andalucía;400230;16600;0;0;131693
05/02/2021;Aragón;68175;2900;0;0;23488
05/02/2021;Asturias;69935;2900;0;0;28740
05/02/2021;Baleares;35460;1500;0;0;9922
05/02/2021;Canarias;79530;3200;0;0;24049
05/02/2021;Cantabria;33495;1300;0;0;8806
05/02/2021;Castilla y Leon;149475;6200;0;0;56665
05/02/2021;Castilla La Mancha;101655;4200;0;0;30345
05/02/2021;Cataluña;345770;14300;0;0;107877
05/02/2021;C Valenciana;175690;7000;0;0;75577
05/02/2021;Extremadura;62675;2500;0;0;21662
05/02/2021;Galicia;108925;4500;0;0;37720
05/02/2021;La Rioja;17615;600;0;0;6521
05/02/2021;Madrid;280725;11600;0;0;67334
05/02/2021;Murcia;73265;3000;0;0;20388
05/02/2021;Navarra;33495;1300;0;0;9016
05/02/2021;País Vasco;91080;3600;0;0;21112
05/02/2021;Ceuta;1980;200;0;0;921
05/02/2021;Melilla;1980;200;0;0;1073
05/02/2021;España;2131155;87600;0;0;682909
08/02/2021;Andalucía;400230;16600;0;0;143552
08/02/2021;Aragón;68175;2900;0;0;24380
08/02/2021;Asturias;69935;2900;0;0;31467
08/02/2021;Baleares;35460;1500;0;0;13430
08/02/2021;Canarias;79530;3200;0;0;28158
08/02/2021;Cantabria;33495;1300;0;0;12427
08/02/2021;Castilla y Leon;149475;6200;0;0;62928
08/02/2021;Castilla La Mancha;101655;4200;0;0;32129
08/02/2021;Cataluña;345770;14300;0;0;120742
08/02/2021;C Valenciana;175690;7000;0;0;83171
08/02/2021;Extremadura;62675;2500;0;0;26605
08/02/2021;Galicia;108925;4500;0;0;51424
08/02/2021;La Rioja;17615;600;0;0;7561
08/02/2021;Madrid;280725;11600;0;0;86645
08/02/2021;Murcia;73265;3000;0;0;24312
08/02/2021;Navarra;33495;1300;0;0;11439
08/02/2021;País Vasco;91080;3600;0;0;24002
08/02/2021;Ceuta;1980;200;0;0;964
08/02/2021;Melilla;1980;200;0;0;1071
08/02/2021;España;2131155;87600;0;0;786407
09/02/2021;Andalucía;400230;16600;34500;0;151577
09/02/2021;Aragón;68175;2900;5400;0;25222
09/02/2021;Asturias;69935;2900;4200;0;31944
09/02/2021;Baleares;35460;1500;4800;0;14072
09/02/2021;Canarias;79530;3200;8900;0;29047
09/02/2021;Cantabria;33495;1300;2400;0;13470
09/02/2021;Castilla y Leon;149475;6200;9800;0;64568
09/02/2021;Castilla La Mancha;101655;4200;8300;0;33207
09/02/2021;Cataluña;345770;14300;31800;0;129651
09/02/2021;C Valenciana;175690;7000;20600;0;87353
09/02/2021;Extremadura;62675;2500;4300;0;27390
09/02/2021;Galicia;108925;4500;11000;0;54504
09/02/2021;La Rioja;17615;600;1300;0;7777
09/02/2021;Madrid;280725;11600;27700;0;102204
09/02/2021;Murcia;73265;3000;6200;0;25944
09/02/2021;Navarra;33495;1300;2700;0;12509
09/02/2021;País Vasco;91080;3600;9100;0;26299
09/02/2021;Ceuta;1980;200;400;0;964
09/02/2021;Melilla;1980;200;400;0;1080
09/02/2021;España;2131155;87600;193800;0;838782
10/02/2021;Andalucía;475110;36300;34500;0;159969
10/02/2021;Aragón;81045;6300;5400;0;29343
10/02/2021;Asturias;83975;6300;4200;0;32296
10/02/2021;Baleares;42480;3200;4800;0;14564
10/02/2021;Canarias;93570;7000;8900;0;29967
10/02/2021;Cantabria;39345;2900;2400;0;14393
10/02/2021;Castilla y Leon;177555;13500;9800;0;69345
10/02/2021;Castilla La Mancha;120375;9200;8300;0;35531
10/02/2021;Cataluña;410120;31400;31800;0;138400
10/02/2021;C Valenciana;207280;15700;20600;0;89522
10/02/2021;Extremadura;74375;5400;4300;0;28790
10/02/2021;Galicia;128815;9800;11000;0;54604
10/02/2021;La Rioja;19955;1400;1300;0;7997
10/02/2021;Madrid;333375;25400;27700;0;115535
10/02/2021;Murcia;87305;6600;6200;0;27799
10/02/2021;Navarra;39345;2900;2700;0;13286
10/02/2021;País Vasco;107460;7900;9100;0;26299
10/02/2021;Ceuta;4320;400;400;0;963
10/02/2021;Melilla;3150;400;400;0;1080
10/02/2021;España;2528955;192000;193800;0;889683
11/02/2021;Andalucía;475110;36300;34500;0;168087
11/02/2021;Aragón;81045;6300;5400;0;32986
11/02/2021;Asturias;83975;6300;4200;0;32706
11/02/2021;Baleares;42480;3200;4800;0;15576
11/02/2021;Canarias;93570;7000;8900;0;29967
11/02/2021;Cantabria;39345;2900;2400;0;16259
11/02/2021;Castilla y Leon;177555;13500;9800;0;72444
11/02/2021;Castilla La Mancha;120375;9200;8300;0;38191
11/02/2021;Cataluña;410120;31400;31800;0;146079
11/02/2021;C Valenciana;207280;15700;20600;0;90760
11/02/2021;Extremadura;74375;5400;4300;0;29776
11/02/2021;Galicia;128815;9800;11000;0;55082
11/02/2021;La Rioja;19955;1400;1300;0;8129
11/02/2021;Madrid;333375;25400;27700;0;128570
11/02/2021;Murcia;87305;6600;6200;0;29721
11/02/2021;Navarra;39345;2900;2700;0;14003
11/02/2021;País Vasco;107460;7900;9100;0;32897
11/02/2021;Ceuta;4320;400;400;0;963
11/02/2021;Melilla;3150;400;400;0;1082
11/02/2021;España;2528955;192000;193800;0;943278
12/02/2021;Andalucía;475110;36300;34500;0;176731
12/02/2021;Aragón;81045;6300;5400;0;35659
12/02/2021;Asturias;83975;6300;4200;0;32946
12/02/2021;Baleares;42480;3200;4800;0;16683
12/02/2021;Canarias;93570;7000;8900;0;40779
12/02/2021;Cantabria;39345;2900;2400;0;17478
12/02/2021;Castilla y Leon;177555;13500;9800;0;75433
12/02/2021;Castilla La Mancha;120375;9200;8300;0;41690
12/02/2021;Cataluña;410120;31400;31800;0;152091
12/02/2021;C Valenciana;207280;15700;20600;0;92433
12/02/2021;Extremadura;74375;5400;4300;0;30501
12/02/2021;Galicia;128815;9800;11000;0;55187
12/02/2021;La Rioja;19955;1400;1300;0;8365
12/02/2021;Madrid;333375;25400;27700;0;139553
12/02/2021;Murcia;87305;6600;6200;0;32249
12/02/2021;Navarra;39345;2900;2700;0;14536
12/02/2021;País Vasco;107460;7900;9100;0;36125
12/02/2021;Ceuta;4320;400;400;0;963
12/02/2021;Melilla;3150;400;400;0;1083
12/02/2021;España;2528955;192000;193800;0;1000485
15/02/2021;Andalucía;475110;36300;34500;0;190867
15/02/2021;Aragón;81045;6300;5400;0;36979
15/02/2021;Asturias;83975;6300;4200;0;33466
15/02/2021;Baleares;42480;3200;4800;0;18653
15/02/2021;Canarias;93570;7000;8900;0;43371
15/02/2021;Cantabria;39345;2900;2400;0;18916
15/02/2021;Castilla y Leon;177555;13500;9800;0;78271
15/02/2021;Castilla La Mancha;120375;9200;8300;0;49378
15/02/2021;Cataluña;410120;31400;31800;0;162003
15/02/2021;C Valenciana;207280;15700;20600;0;94255
15/02/2021;Extremadura;74375;5400;4300;0;31116
15/02/2021;Galicia;128815;9800;11000;0;55343
15/02/2021;La Rioja;19955;1400;1300;0;8449
15/02/2021;Madrid;333375;25400;27700;0;152696
15/02/2021;Murcia;87305;6600;6200;0;37453
15/02/2021;Navarra;39345;2900;2700;0;15344
15/02/2021;País Vasco;107460;7900;9100;0;41483
15/02/2021;Ceuta;4320;400;400;0;964
15/02/2021;Melilla;3150;400;400;0;1084
15/02/2021;España;2528955;192000;193800;0;1070091
16/02/2021;Andalucía;475110;36300;34500;0;194477
16/02/2021;Aragón;81045;6300;5400;0;37628
16/02/2021;Asturias;83975;6300;4200;0;34140
16/02/2021;Baleares;42480;3200;4800;0;19025
16/02/2021;Canarias;93570;7000;8900;0;44120
16/02/2021;Cantabria;39345;2900;2400;0;19000
16/02/2021;Castilla y Leon;177555;13500;9800;0;80091
16/02/2021;Castilla La Mancha;120375;9200;8300;0;52826
16/02/2021;Cataluña;410120;31400;31800;0;166104
16/02/2021;C Valenciana;207280;15700;20600;0;95559
16/02/2021;Extremadura;74375;5400;4300;0;32353
16/02/2021;Galicia;128815;9800;11000;0;57383
16/02/2021;La Rioja;19955;1400;1300;0;8523
16/02/2021;Madrid;333375;25400;27700;0;156682
16/02/2021;Murcia;87305;6600;6200;0;38970
16/02/2021;Navarra;39345;2900;2700;0;16062
16/02/2021;País Vasco;107460;7900;9100;0;41758
16/02/2021;Ceuta;4320;400;400;0;969
16/02/2021;Melilla;3150;400;400;0;1252
16/02/2021;España;2528955;192000;193800;0;1096922
17/02/2021;Andalucía;568710;36300;74500;0;198314
17/02/2021;Aragón;96255;6300;11700;0;39674
17/02/2021;Asturias;98015;6300;9000;0;34568
17/02/2021;Baleares;49500;3200;10300;0;19361
17/02/2021;Canarias;111120;7000;19200;0;45239
17/02/2021;Cantabria;47535;2900;5100;0;19062
17/02/2021;Castilla y Leon;211485;13500;21100;0;81422
17/02/2021;Castilla La Mancha;143775;9200;18000;0;55447
17/02/2021;Cataluña;489680;31400;68600;0;168254
17/02/2021;C Valenciana;247060;15700;44500;0;96040
17/02/2021;Extremadura;88415;5400;9300;0;33415
17/02/2021;Galicia;153385;9800;23800;0;57397
17/02/2021;La Rioja;23465;1400;2800;0;8529
17/02/2021;Madrid;398895;25400;59800;0;160202
17/02/2021;Murcia;103685;6600;13300;0;39879
17/02/2021;Navarra;46365;2900;5800;0;16873
17/02/2021;País Vasco;127350;7900;19600;0;43281
17/02/2021;Ceuta;4320;400;800;0;969
17/02/2021;Melilla;3150;400;800;0;1254
17/02/2021;España;3012165;192000;418000;0;1119180
18/02/2021;Andalucía;568710;36300;74500;0;202631
18/02/2021;Aragón;96255;6300;11700;0;40945
18/02/2021;Asturias;98015;6300;9000;0;35251
18/02/2021;Baleares;49500;3200;10300;0;19906
18/02/2021;Canarias;111120;7000;19200;0;46799
18/02/2021;Cantabria;47535;2900;5100;0;19118
18/02/2021;Castilla y Leon;211485;13500;21100;0;83192
18/02/2021;Castilla La Mancha;143775;9200;18000;0;58335
18/02/2021;Cataluña;489680;31400;68600;0;170429
18/02/2021;C Valenciana;247060;15700;44500;0;96724
18/02/2021;Extremadura;88415;5400;9300;0;35477
18/02/2021;Galicia;153385;9800;23800;0;57531
18/02/2021;La Rioja;23465;1400;2800;0;8812
18/02/2021;Madrid;398895;25400;59800;0;163768
18/02/2021;Murcia;103685;6600;13300;0;42022
18/02/2021;Navarra;46365;2900;5800;0;17700
18/02/2021;País Vasco;127350;7900;19600;0;43642
18/02/2021;Ceuta;4320;400;800;0;1019
18/02/2021;Melilla;3150;400;800;0;1255
18/02/2021;España;3012165;192000;418000;0;1144556
19/02/2021;Andalucía;568710;36300;74500;0;208721
19/02/2021;Aragón;96255;6300;11700;0;42429
19/02/2021;Asturias;98015;6300;9000;0;36392
19/02/2021;Baleares;49500;3200;10300;0;20499
19/02/2021;Canarias;111120;7000;19200;0;48759
19/02/2021;Cantabria;47535;2900;5100;0;19376
19/02/2021;Castilla y Leon;211485;13500;21100;0;84052
19/02/2021;Castilla La Mancha;143775;9200;18000;0;59845
19/02/2021;Cataluña;489680;31400;68600;0;176286
19/02/2021;C Valenciana;247060;15700;44500;0;97384
19/02/2021;Extremadura;88415;5400;9300;0;36485
19/02/2021;Galicia;153385;9800;23800;0;57611
19/02/2021;La Rioja;23465;1400;2800;0;8848
19/02/2021;Madrid;398895;25400;59800;0;166475
19/02/2021;Murcia;103685;6600;13300;0;43159
19/02/2021;Navarra;46365;2900;5800;0;18445
19/02/2021;País Vasco;127350;7900;19600;0;43919
19/02/2021;Ceuta;4320;400;800;0;1086
19/02/2021;Melilla;3150;400;800;0;1255
19/02/2021;España;3012165;192000;418000;0;1171026
22/02/2021;Andalucía;568710;36300;74500;0;215070
22/02/2021;Aragón;96255;6300;11700;0;42860
22/02/2021;Asturias;98015;6300;9000;0;37645
22/02/2021;Baleares;49500;3200;10300;0;20549
22/02/2021;Canarias;111120;7000;19200;0;49752
22/02/2021;Cantabria;47535;2900;5100;0;19810
22/02/2021;Castilla y Leon;211485;13500;21100;0;85608
22/02/2021;Castilla La Mancha;143775;9200;18000;0;61612
22/02/2021;Cataluña;489680;31400;68600;0;180096
22/02/2021;C Valenciana;247060;15700;44500;0;98606
22/02/2021;Extremadura;88415;5400;9300;0;37889
22/02/2021;Galicia;153385;9800;23800;0;57862
22/02/2021;La Rioja;23465;1400;2800;0;9112
22/02/2021;Madrid;398895;25400;59800;0;168697
22/02/2021;Murcia;103685;6600;13300;0;45646
22/02/2021;Navarra;46365;2900;5800;0;19341
22/02/2021;País Vasco;127350;7900;19600;0;44558
22/02/2021;Ceuta;4320;400;800;0;1086
22/02/2021;Melilla;3150;400;800;0;1262
22/02/2021;España;3012165;192000;418000;0;1197061
23/02/2021;Andalucía;568710;36300;74500;0;216617
23/02/2021;Aragón;96255;6300;11700;0;43705
23/02/2021;Asturias;98015;6300;9000;0;37949
23/02/2021;Baleares;49500;3200;10300;0;20560
23/02/2021;Canarias;111120;7000;19200;0;49926
23/02/2021;Cantabria;47535;2900;5100;0;19854
23/02/2021;Castilla y Leon;211485;13500;21100;0;86452
23/02/2021;Castilla La Mancha;143775;9200;18000;0;63205
23/02/2021;Cataluña;489680;31400;68600;0;181835
23/02/2021;C Valenciana;247060;15700;44500;0;99045
23/02/2021;Extremadura;88415;5400;9300;0;38029
23/02/2021;Galicia;153385;9800;23800;0;58052
23/02/2021;La Rioja;23465;1400;2800;0;9193
23/02/2021;Madrid;398895;25400;59800;0;169765
23/02/2021;Murcia;103685;6600;13300;0;46777
23/02/2021;Navarra;46365;2900;5800;0;20090
23/02/2021;País Vasco;127350;7900;19600;0;44902
23/02/2021;Ceuta;4320;400;800;0;1087
23/02/2021;Melilla;3150;400;800;0;1262
23/02/2021;España;3012165;192000;418000;0;1208305
24/02/2021;Andalucía;662310;36300;144200;0;218967
24/02/2021;Aragón;112635;6300;22600;0;44195
24/02/2021;Asturias;112055;6300;17400;0;38423
24/02/2021;Baleares;56520;3200;19900;0;20576
24/02/2021;Canarias;129840;7000;37100;0;50067
24/02/2021;Cantabria;55725;2900;9900;0;19963
24/02/2021;Castilla y Leon;246585;13500;40800;0;87344
24/02/2021;Castilla La Mancha;167175;9200;34800;0;64920
24/02/2021;Cataluña;570410;31400;132700;0;183354
24/02/2021;C Valenciana;288010;15700;86200;0;100209
24/02/2021;Extremadura;102455;5400;18100;0;38366
24/02/2021;Galicia;179125;9800;46100;0;58239
24/02/2021;La Rioja;28145;1400;5400;0;9193
24/02/2021;Madrid;464415;25400;115600;0;170589
24/02/2021;Murcia;121235;6600;25700;0;48528
24/02/2021;Navarra;55725;2900;11200;0;20422
24/02/2021;País Vasco;148410;7900;37900;0;45475
24/02/2021;Ceuta;4320;400;1500;0;1087
24/02/2021;Melilla;3150;400;1500;0;1266
24/02/2021;España;3508245;192000;808600;0;1221183
25/02/2021;Andalucía;662310;36300;144200;0;221557
25/02/2021;Aragón;112635;6300;22600;0;44734
25/02/2021;Asturias;112055;6300;17400;0;38716
25/02/2021;Baleares;56520;3200;19900;0;20975
25/02/2021;Canarias;129840;7000;37100;0;51123
25/02/2021;Cantabria;55725;2900;9900;0;20018
25/02/2021;Castilla y Leon;246585;13500;40800;0;88071
25/02/2021;Castilla La Mancha;167175;9200;34800;0;65766
25/02/2021;Cataluña;570410;31400;132700;0;184380
25/02/2021;C Valenciana;288010;15700;86200;0;100793
25/02/2021;Extremadura;102455;5400;18100;0;38511
25/02/2021;Galicia;179125;9800;46100;0;58354
25/02/2021;La Rioja;28145;1400;5400;0;9204
25/02/2021;Madrid;464415;25400;115600;0;171359
25/02/2021;Murcia;121235;6600;25700;0;49356
25/02/2021;Navarra;55725;2900;11200;0;20842
25/02/2021;País Vasco;148410;7900;37900;0;45667
25/02/2021;Ceuta;4320;400;1500;0;1090
25/02/2021;Melilla;3150;400;1500;0;1266
25/02/2021;España;3508245;192000;808600;0;1231782
26/02/2021;Andalucía;662310;36300;144200;0;225068
26/02/2021;Aragón;112635;6300;22600;0;45931
26/02/2021;Asturias;112055;6300;17400;0;38716
26/02/2021;Baleares;56520;3200;19900;0;21124
26/02/2021;Canarias;129840;7000;37100;0;51231
26/02/2021;Cantabria;55725;2900;9900;0;20346
26/02/2021;Castilla y Leon;246585;13500;40800;0;88792
26/02/2021;Castilla La Mancha;167175;9200;34800;0;66945
26/02/2021;Cataluña;570410;31400;132700;0;186268
26/02/2021;C Valenciana;288010;15700;86200;0;101330
26/02/2021;Extremadura;102455;5400;18100;0;38608
26/02/2021;Galicia;179125;9800;46100;0;58689
26/02/2021;La Rioja;28145;1400;5400;0;9205
26/02/2021;Madrid;464415;25400;115600;0;171781
26/02/2021;Murcia;121235;6600;25700;0;49915
26/02/2021;Navarra;55725;2900;11200;0;21274
26/02/2021;País Vasco;148410;7900;37900;0;46157
26/02/2021;Ceuta;4320;400;1500;0;1136
26/02/2021;Melilla;3150;400;1500;0;1267
26/02/2021;España;3508245;192000;808600;0;1243783
01/03/2021;Andalucía;662310;36300;144200;0;228739
01/03/2021;Aragón;112635;6300;22600;0;46822
01/03/2021;Asturias;112055;6300;17400;0;39215
01/03/2021;Baleares;56520;3200;19900;0;21950
01/03/2021;Canarias;129840;7000;37100;0;51446
01/03/2021;Cantabria;55725;2900;9900;0;20433
01/03/2021;Castilla y Leon;246585;13500;40800;0;89946
01/03/2021;Castilla La Mancha;167175;9200;34800;0;68732
01/03/2021;Cataluña;570410;31400;132700;0;188109
01/03/2021;C Valenciana;288010;15700;86200;0;102016
01/03/2021;Extremadura;102455;5400;18100;0;39292
01/03/2021;Galicia;179125;9800;46100;0;58891
01/03/2021;La Rioja;28145;1400;5400;0;9205
01/03/2021;Madrid;464415;25400;115600;0;175205
01/03/2021;Murcia;121235;6600;25700;0;50233
01/03/2021;Navarra;55725;2900;11200;0;21719
01/03/2021;País Vasco;148410;7900;37900;0;47492
01/03/2021;Ceuta;4320;400;1500;0;1136
01/03/2021;Melilla;3150;400;1500;0;1267
01/03/2021;España;3508245;192000;808600;0;1261848
02/03/2021;Andalucía;662310;36300;144200;0;228829
02/03/2021;Aragón;112635;6300;22600;0;46898
02/03/2021;Asturias;112055;6300;17400;0;39435
02/03/2021;Baleares;56520;3200;19900;0;22161
02/03/2021;Canarias;129840;7000;37100;0;51479
02/03/2021;Cantabria;55725;2900;9900;0;20584
02/03/2021;Castilla y Leon;246585;13500;40800;0;90732
02/03/2021;Castilla La Mancha;167175;9200;34800;0;69232
02/03/2021;Cataluña;570410;31400;132700;0;188818
02/03/2021;C Valenciana;288010;15700;86200;0;102016
02/03/2021;Extremadura;102455;5400;18100;0;39580
02/03/2021;Galicia;179125;9800;46100;0;58919
02/03/2021;La Rioja;28145;1400;5400;0;9280
02/03/2021;Madrid;464415;25400;115600;0;175666
02/03/2021;Murcia;121235;6600;25700;0;50556
02/03/2021;Navarra;55725;2900;11200;0;21992
02/03/2021;País Vasco;148410;7900;37900;0;48052
02/03/2021;Ceuta;4320;400;1500;0;1195
02/03/2021;Melilla;3150;400;1500;0;1276
02/03/2021;España;3508245;192000;808600;0;1266700
03/03/2021;Andalucía;739530;73300;208600;0;233434
03/03/2021;Aragón;130185;12600;32700;0;47125
03/03/2021;Asturias;128435;12700;25200;0;41196
03/03/2021;Baleares;65880;6500;28800;0;22426
03/03/2021;Canarias;148560;14300;53700;0;53582
03/03/2021;Cantabria;62745;5900;14300;0;20584
03/03/2021;Castilla y Leon;285195;27300;59000;0;93024
03/03/2021;Castilla La Mancha;190575;18600;50400;0;70132
03/03/2021;Cataluña;651140;63400;191900;0;189899
03/03/2021;C Valenciana;340660;31700;124700;0;105717
03/03/2021;Extremadura;115325;10900;26200;0;40517
03/03/2021;Galicia;222415;19900;66700;0;59133
03/03/2021;La Rioja;31655;2700;7800;0;9295
03/03/2021;Madrid;529935;51300;167200;0;176399
03/03/2021;Murcia;134105;13400;37200;0;51011
03/03/2021;Navarra;62745;5900;16200;0;22386
03/03/2021;País Vasco;177660;16000;54800;0;48576
03/03/2021;Ceuta;5490;600;2200;0;1290
03/03/2021;Melilla;4320;600;2200;0;1276
03/03/2021;España;4026555;387600;1169800;0;1287002
04/03/2021;Andalucía;739530;73300;208600;0;238150
04/03/2021;Aragón;130185;12600;32700;0;47837
04/03/2021;Asturias;128435;12700;25200;0;42300
04/03/2021;Baleares;65880;6500;28800;0;23287
04/03/2021;Canarias;148560;14300;53700;0;54121
04/03/2021;Cantabria;62745;5900;14300;0;20620
04/03/2021;Castilla y Leon;285195;27300;59000;0;94983
04/03/2021;Castilla La Mancha;190575;18600;50400;0;71181
04/03/2021;Cataluña;651140;63400;191900;0;189899
04/03/2021;C Valenciana;340660;31700;124700;0;109409
04/03/2021;Extremadura;115325;10900;26200;0;41663
04/03/2021;Galicia;222415;19900;66700;0;62083
04/03/2021;La Rioja;31655;2700;7800;0;9743
04/03/2021;Madrid;529935;51300;167200;0;176865
04/03/2021;Murcia;134105;13400;37200;0;51118
04/03/2021;Navarra;62745;5900;16200;0;22894
04/03/2021;País Vasco;177660;16000;54800;0;50194
04/03/2021;Ceuta;5490;600;2200;0;1290
04/03/2021;Melilla;4320;600;2200;0;1276
04/03/2021;España;4026555;387600;1169800;0;1308913
05/03/2021;Andalucía;739530;73300;208600;0;244049
05/03/2021;Aragón;130185;12600;32700;0;49532
05/03/2021;Asturias;128435;12700;25200;0;43690
05/03/2021;Baleares;65880;6500;28800;0;23934
05/03/2021;Canarias;148560;14300;53700;0;54601
05/03/2021;Cantabria;62745;5900;14300;0;20759
05/03/2021;Castilla y Leon;285195;27300;59000;0;97774
05/03/2021;Castilla La Mancha;190575;18600;50400;0;71960
05/03/2021;Cataluña;651140;63400;191900;0;192984
05/03/2021;C Valenciana;340660;31700;124700;0;113075
05/03/2021;Extremadura;115325;10900;26200;0;43176
05/03/2021;Galicia;222415;19900;66700;0;68562
05/03/2021;La Rioja;31655;2700;7800;0;10329
05/03/2021;Madrid;529935;51300;167200;0;177916
05/03/2021;Murcia;134105;13400;37200;0;51169
05/03/2021;Navarra;62745;5900;16200;0;23670
05/03/2021;País Vasco;177660;16000;54800;0;52452
05/03/2021;Ceuta;5490;600;2200;0;1577
05/03/2021;Melilla;4320;600;2200;0;1276
05/03/2021;España;4026555;387600;1169800;0;1342485
08/03/2021;Andalucía;739530;73300;208600;0;244052
08/03/2021;Aragón;130185;12600;32700;0;50190
08/03/2021;Asturias;128435;12700;25200;0;44596
08/03/2021;Baleares;65880;6500;28800;0;24425
08/03/2021;Canarias;148560;14300;53700;0;54926
08/03/2021;Cantabria;62745;5900;14300;0;21002
08/03/2021;Castilla y Leon;285195;27300;59000;0;99651
08/03/2021;Castilla La Mancha;190575;18600;50400;0;72611
08/03/2021;Cataluña;651140;63400;191900;0;202956
08/03/2021;C Valenciana;340660;31700;124700;0;113077
08/03/2021;Extremadura;115325;10900;26200;0;45432
08/03/2021;Galicia;222415;19900;66700;0;75259
08/03/2021;La Rioja;31655;2700;7800;0;10988
08/03/2021;Madrid;529935;51300;167200;0;179059
08/03/2021;Murcia;134105;13400;37200;0;51349
08/03/2021;Navarra;62745;5900;16200;0;24241
08/03/2021;País Vasco;177660;16000;54800;0;54348
08/03/2021;Ceuta;5490;600;2200;0;1818
08/03/2021;Melilla;4320;600;2200;0;1652
08/03/2021;España;4026555;387600;1169800;0;1371632
09/03/2021;Andalucía;739530;73300;208600;0;263111
09/03/2021;Aragón;130185;12600;32700;0;50418
09/03/2021;Asturias;128435;12700;25200;0;44999
09/03/2021;Baleares;65880;6500;28800;0;24685
09/03/2021;Canarias;148560;14300;53700;0;55962
09/03/2021;Cantabria;62745;5900;14300;0;21219
09/03/2021;Castilla y Leon;285195;27300;59000;0;102339
09/03/2021;Castilla La Mancha;190575;18600;50400;0;73053
09/03/2021;Cataluña;651140;63400;191900;0;207196
09/03/2021;C Valenciana;340660;31700;124700;0;120409
09/03/2021;Extremadura;115325;10900;26200;0;46053
09/03/2021;Galicia;222415;19900;66700;0;76289
09/03/2021;La Rioja;31655;2700;7800;0;11320
09/03/2021;Madrid;529935;51300;167200;0;180557
09/03/2021;Murcia;134105;13400;37200;0;51447
09/03/2021;Navarra;62745;5900;16200;0;24646
09/03/2021;País Vasco;177660;16000;54800;0;54456
09/03/2021;Ceuta;5490;600;2200;0;2360
09/03/2021;Melilla;4320;600;2200;0;1717
09/03/2021;España;4026555;387600;1169800;0;1412236
10/03/2021;Andalucía;820260;73300;303300;0;275060
10/03/2021;Aragón;147735;12600;47600;0;51485
10/03/2021;Asturias;144815;12700;36600;0;45877
10/03/2021;Baleares;76410;6500;41900;0;24786
10/03/2021;Canarias;167280;14300;78000;0;57004
10/03/2021;Cantabria;70935;5900;20800;0;21681
10/03/2021;Castilla y Leon;324975;27300;85800;0;105946
10/03/2021;Castilla La Mancha;215145;18600;73300;0;73939
10/03/2021;Cataluña;735380;63400;278900;0;212427
10/03/2021;C Valenciana;395650;31700;181300;0;124344
10/03/2021;Extremadura;129365;10900;38100;0;47250
10/03/2021;Galicia;268045;19900;96900;0;77121
10/03/2021;La Rioja;36335;2700;11400;0;11595
10/03/2021;Madrid;598965;51300;243100;0;183217
10/03/2021;Murcia;148145;13400;54100;0;51633
10/03/2021;Navarra;69765;5900;23600;0;24805
10/03/2021;País Vasco;208080;16000;79600;0;55272
10/03/2021;Ceuta;5490;600;3100;0;2443
10/03/2021;Melilla;4320;600;3100;0;1953
10/03/2021;España;4567095;387600;1700500;0;1447838
11/03/2021;Andalucía;820260;73300;303300;0;292741
11/03/2021;Aragón;147735;12600;47600;0;53228
11/03/2021;Asturias;144815;12700;36600;0;48210
11/03/2021;Baleares;76410;6500;41900;0;26495
11/03/2021;Canarias;167280;14300;78000;0;58482
11/03/2021;Cantabria;70935;5900;20800;0;22624
11/03/2021;Castilla y Leon;324975;27300;85800;0;110038
11/03/2021;Castilla La Mancha;215145;18600;73300;0;76016
11/03/2021;Cataluña;735380;63400;278900;0;218613
11/03/2021;C Valenciana;395650;31700;181300;0;130387
11/03/2021;Extremadura;129365;10900;38100;0;48662
11/03/2021;Galicia;268045;19900;96900;0;79330
11/03/2021;La Rioja;36335;2700;11400;0;12357
11/03/2021;Madrid;598965;51300;243100;0;186482
11/03/2021;Murcia;148145;13400;54100;0;52332
11/03/2021;Navarra;69765;5900;23600;0;24831
11/03/2021;País Vasco;208080;16000;79600;0;57875
11/03/2021;Ceuta;5490;600;3100;0;2533
11/03/2021;Melilla;4320;600;3100;0;2022
11/03/2021;España;4567095;387600;1700500;0;1503258
12/03/2021;Andalucía;820260;73300;303300;0;322619
12/03/2021;Aragón;147735;12600;47600;0;55708
12/03/2021;Asturias;144815;12700;36600;0;51231
12/03/2021;Baleares;76410;6500;41900;0;28759
12/03/2021;Canarias;167280;14300;78000;0;60515
12/03/2021;Cantabria;70935;5900;20800;0;23571
12/03/2021;Castilla y Leon;324975;27300;85800;0;114957
12/03/2021;Castilla La Mancha;215145;18600;73300;0;78222
12/03/2021;Cataluña;735380;63400;278900;0;227178
12/03/2021;C Valenciana;395650;31700;181300;0;143105
12/03/2021;Extremadura;129365;10900;38100;0;50636
12/03/2021;Galicia;268045;19900;96900;0;81598
12/03/2021;La Rioja;36335;2700;11400;0;12638
12/03/2021;Madrid;598965;51300;243100;0;190518
12/03/2021;Murcia;148145;13400;54100;0;54658
12/03/2021;Navarra;69765;5900;23600;0;24831
12/03/2021;País Vasco;208080;16000;79600;0;57875
12/03/2021;Ceuta;5490;600;3100;0;2533
12/03/2021;Melilla;4320;600;3100;0;2092
12/03/2021;España;4567095;387600;1700500;0;1583244
15/03/2021;Andalucía;820260;73300;303300;0;356888
15/03/2021;Aragón;147735;12600;47600;0;58473
15/03/2021;Asturias;144815;12700;36600;0;56507
15/03/2021;Baleares;76410;6500;41900;0;31152
15/03/2021;Canarias;167280;14300;78000;0;63662
15/03/2021;Cantabria;70935;5900;20800;0;25052
15/03/2021;Castilla y Leon;324975;27300;85800;0;121726
15/03/2021;Castilla La Mancha;215145;18600;73300;0;79440
15/03/2021;Cataluña;735380;63400;278900;0;242309
15/03/2021;C Valenciana;395650;31700;181300;0;153418
15/03/2021;Extremadura;129365;10900;38100;0;52819
15/03/2021;Galicia;268045;19900;96900;0;89140
15/03/2021;La Rioja;36335;2700;11400;0;13182
15/03/2021;Madrid;598965;51300;243100;0;195455
15/03/2021;Murcia;148145;13400;54100;0;57603
15/03/2021;Navarra;69765;5900;23600;0;27530
15/03/2021;País Vasco;208080;16000;79600;0;64502
15/03/2021;Ceuta;5490;600;3100;0;2533
15/03/2021;Melilla;4320;600;3100;0;2283
15/03/2021;España;4567095;387600;1700500;0;1693674
16/03/2021;Andalucía;820260;73300;303300;0;363191
16/03/2021;Aragón;147735;12600;47600;0;58794
16/03/2021;Asturias;144815;12700;36600;0;58343
16/03/2021;Baleares;76410;6500;41900;0;31322
16/03/2021;Canarias;167280;14300;78000;0;65658
16/03/2021;Cantabria;70935;5900;20800;0;25897
16/03/2021;Castilla y Leon;324975;27300;85800;0;124889
16/03/2021;Castilla La Mancha;215145;18600;73300;0;80114
16/03/2021;Cataluña;735380;63400;278900;0;246018
16/03/2021;C Valenciana;395650;31700;181300;0;154732
16/03/2021;Extremadura;129365;10900;38100;0;53832
16/03/2021;Galicia;268045;19900;96900;0;95809
16/03/2021;La Rioja;36335;2700;11400;0;14058
16/03/2021;Madrid;598965;51300;243100;0;199142
16/03/2021;Murcia;148145;13400;54100;0;57981
16/03/2021;Navarra;69765;5900;23600;0;28229
16/03/2021;País Vasco;208080;16000;79600;0;65625
16/03/2021;Ceuta;5490;600;3100;0;2533
16/03/2021;Melilla;4320;600;3100;0;2370
16/03/2021;España;4567095;387600;1700500;0;1728537
17/03/2021;Andalucía;899820;111200;343800;0;383206
17/03/2021;Aragón;165285;21700;54000;0;62676
17/03/2021;Asturias;161195;20700;41500;0;63411
17/03/2021;Baleares;86940;11100;47500;0;31581
17/03/2021;Canarias;186000;22900;88400;0;69334
17/03/2021;Cantabria;79125;9700;23600;0;28065
17/03/2021;Castilla y Leon;364755;47700;97300;0;129760
17/03/2021;Castilla La Mancha;239715;31000;83100;0;82563
17/03/2021;Cataluña;819620;105400;316100;0;260858
17/03/2021;C Valenciana;450640;57800;205400;0;154732
17/03/2021;Extremadura;143405;17800;43200;0;57469
17/03/2021;Galicia;313675;41400;109800;0;102070
17/03/2021;La Rioja;41015;4800;12900;0;14619
17/03/2021;Madrid;667995;85200;275500;0;203552
17/03/2021;Murcia;162185;19800;61300;0;58598
17/03/2021;Navarra;76785;9700;26800;0;28816
17/03/2021;País Vasco;238500;30800;90200;0;68401
17/03/2021;Ceuta;5490;900;3500;0;2533
17/03/2021;Melilla;4320;800;3500;0;2371
17/03/2021;España;5106465;650400;1927400;0;1804615
18/03/2021;Andalucía;899820;111200;343800;0;406759
18/03/2021;Aragón;165285;21700;54000;0;66924
18/03/2021;Asturias;161195;20700;41500;0;68103
18/03/2021;Baleares;86940;11100;47500;0;32845
18/03/2021;Canarias;186000;22900;88400;0;73061
18/03/2021;Cantabria;79125;9700;23600;0;31378
18/03/2021;Castilla y Leon;364755;47700;97300;0;129760
18/03/2021;Castilla La Mancha;239715;31000;83100;0;86593
18/03/2021;Cataluña;819620;105400;316100;0;260858
18/03/2021;C Valenciana;450640;57800;205400;0;176797
18/03/2021;Extremadura;143405;17800;43200;0;57469
18/03/2021;Galicia;313675;41400;109800;0;108250
18/03/2021;La Rioja;41015;4800;12900;0;15104
18/03/2021;Madrid;667995;85200;275500;0;210252
18/03/2021;Murcia;162185;19800;61300;0;58598
18/03/2021;Navarra;76785;9700;26800;0;29319
18/03/2021;País Vasco;238500;30800;90200;0;69823
18/03/2021;Ceuta;5490;900;3500;0;2541
18/03/2021;Melilla;4320;800;3500;0;2379
18/03/2021;España;5106465;650400;1927400;0;1886813
22/03/2021;Andalucía;899820;111200;343800;0;420167
22/03/2021;Aragón;165285;21700;54000;0;72018
22/03/2021;Asturias;161195;20700;41500;0;73510
22/03/2021;Baleares;86940;11100;47500;0;35863
22/03/2021;Canarias;186000;22900;88400;0;79378
22/03/2021;Cantabria;79125;9700;23600;0;36150
22/03/2021;Castilla y Leon;364755;47700;97300;0;152775
22/03/2021;Castilla La Mancha;239715;31000;83100;0;93690
22/03/2021;Cataluña;819620;105400;316100;0;342038
22/03/2021;C Valenciana;450640;57800;205400;0;198337
22/03/2021;Extremadura;143405;17800;43200;0;64751
22/03/2021;Galicia;313675;41400;109800;0;119986
22/03/2021;La Rioja;41015;4800;12900;0;16774
22/03/2021;Madrid;667995;85200;275500;0;232389
22/03/2021;Murcia;162185;19800;61300;0;64677
22/03/2021;Navarra;76785;9700;26800;0;30828
22/03/2021;País Vasco;238500;30800;90200;0;72611
22/03/2021;Ceuta;5490;900;3500;0;2542
22/03/2021;Melilla;4320;800;3500;0;2384
22/03/2021;España;5106465;650400;1927400;0;2110868
23/03/2021;Andalucía;899820;111200;343800;0;422339
23/03/2021;Aragón;165285;21700;54000;0;72085
23/03/2021;Asturias;161195;20700;41500;0;74197
23/03/2021;Baleares;86940;11100;47500;0;35918
23/03/2021;Canarias;186000;22900;88400;0;81868
23/03/2021;Cantabria;79125;9700;23600;0;36503
23/03/2021;Castilla y Leon;364755;47700;97300;0;157258
23/03/2021;Castilla La Mancha;239715;31000;83100;0;94751
23/03/2021;Cataluña;819620;105400;316100;0;346521
23/03/2021;C Valenciana;450640;57800;205400;0;201548
23/03/2021;Extremadura;143405;17800;43200;0;65591
23/03/2021;Galicia;313675;41400;109800;0;123545
23/03/2021;La Rioja;41015;4800;12900;0;17549
23/03/2021;Madrid;667995;85200;275500;0;249222
23/03/2021;Murcia;162185;19800;61300;0;66141
23/03/2021;Navarra;76785;9700;26800;0;31120
23/03/2021;País Vasco;238500;30800;90200;0;75513
23/03/2021;Ceuta;5490;900;3500;0;2542
23/03/2021;Melilla;4320;800;3500;0;2387
23/03/2021;España;5106465;650400;1927400;0;2156598
24/03/2021;Andalucía;999270;111200;361600;0;455368
24/03/2021;Aragón;187515;21700;56800;0;74363
24/03/2021;Asturias;182255;20700;43600;0;76050
24/03/2021;Baleares;99810;11100;49900;0;36060
24/03/2021;Canarias;209400;22900;93000;0;86926
24/03/2021;Cantabria;88485;9700;24800;0;39010
24/03/2021;Castilla y Leon;413895;47700;102400;0;163995
24/03/2021;Castilla La Mancha;270135;31000;87400;0;98356
24/03/2021;Cataluña;923750;105400;332500;0;356766
24/03/2021;C Valenciana;518500;57800;216100;0;215050
24/03/2021;Extremadura;160955;17800;45400;0;67578
24/03/2021;Galicia;369835;41400;115500;0;130338
24/03/2021;La Rioja;45695;4800;13600;0;18350
24/03/2021;Madrid;753405;85200;289800;0;268775
24/03/2021;Murcia;179735;19800;64500;0;69210
24/03/2021;Navarra;86145;9700;28200;0;32024
24/03/2021;País Vasco;275940;30800;94900;0;78403
24/03/2021;Ceuta;6660;900;3700;0;2566
24/03/2021;Melilla;6660;800;3700;0;2387
24/03/2021;Fuerzas Armadas;19500;0;33100;0;4658
24/03/2021;España;5797545;650400;2060500;0;2276233
25/03/2021;Andalucía;999270;111200;361600;0;472276
25/03/2021;Aragón;187515;21700;56800;0;79780
25/03/2021;Asturias;182255;20700;43600;0;77763
25/03/2021;Baleares;99810;11100;49900;0;37780
25/03/2021;Canarias;209400;22900;93000;0;90901
25/03/2021;Cantabria;88485;9700;24800;0;40331
25/03/2021;Castilla y Leon;413895;47700;102400;0;170331
25/03/2021;Castilla La Mancha;270135;31000;87400;0;104759
25/03/2021;Cataluña;923750;105400;332500;0;379408
25/03/2021;C Valenciana;518500;57800;216100;0;227657
25/03/2021;Extremadura;160955;17800;45400;0;70649
25/03/2021;Galicia;369835;41400;115500;0;136454
25/03/2021;La Rioja;45695;4800;13600;0;18407
25/03/2021;Madrid;753405;85200;289800;0;287225
25/03/2021;Murcia;179735;19800;64500;0;70801
25/03/2021;Navarra;86145;9700;28200;0;33985
25/03/2021;País Vasco;275940;30800;94900;0;83422
25/03/2021;Ceuta;6660;900;3700;0;3206
25/03/2021;Melilla;6660;800;3700;0;2409
25/03/2021;Fuerzas Armadas;19500;0;33100;0;4658
25/03/2021;España;5797545;650400;2060500;0;2392202
26/03/2021;Andalucía;999270;111200;361600;0;489306
26/03/2021;Aragón;187515;21700;56800;0;84463
26/03/2021;Asturias;182255;20700;43600;0;79184
26/03/2021;Baleares;99810;11100;49900;0;39248
26/03/2021;Canarias;209400;22900;93000;0;94471
26/03/2021;Cantabria;88485;9700;24800;0;42194
26/03/2021;Castilla y Leon;413895;47700;102400;0;180124
26/03/2021;Castilla La Mancha;270135;31000;87400;0;110987
26/03/2021;Cataluña;923750;105400;332500;0;397561
26/03/2021;C Valenciana;518500;57800;216100;0;238199
26/03/2021;Extremadura;160955;17800;45400;0;72729
26/03/2021;Galicia;369835;41400;115500;0;140426
26/03/2021;La Rioja;45695;4800;13600;0;18969
26/03/2021;Madrid;753405;85200;289800;0;306011
26/03/2021;Murcia;179735;19800;64500;0;76965
26/03/2021;Navarra;86145;9700;28200;0;35177
26/03/2021;País Vasco;275940;30800;94900;0;89366
26/03/2021;Ceuta;6660;900;3700;0;3314
26/03/2021;Melilla;6660;800;3700;0;2410
26/03/2021;Fuerzas Armadas;19500;0;33100;0;4738
26/03/2021;España;5797545;650400;2060500;0;2505842
29/03/2021;Andalucía;999270;111200;361600;0;501832
29/03/2021;Aragón;187515;21700;56800;0;85599
29/03/2021;Asturias;182255;20700;43600;0;81224
29/03/2021;Baleares;99810;11100;49900;0;43605
29/03/2021;Canarias;209400;22900;93000;0;97871
29/03/2021;Cantabria;88485;9700;24800;0;43031
29/03/2021;Castilla y Leon;413895;47700;102400;0;188358
29/03/2021;Castilla La Mancha;270135;31000;87400;0;114832
29/03/2021;Cataluña;923750;105400;332500;0;411550
29/03/2021;C Valenciana;518500;57800;216100;0;245326
29/03/2021;Extremadura;160955;17800;45400;0;73575
29/03/2021;Galicia;369835;41400;115500;0;144511
29/03/2021;La Rioja;45695;4800;13600;0;19519
29/03/2021;Madrid;753405;85200;289800;0;325542
29/03/2021;Murcia;179735;19800;64500;0;82876
29/03/2021;Navarra;86145;9700;28200;0;36212
29/03/2021;País Vasco;275940;30800;94900;0;97931
29/03/2021;Ceuta;6660;900;3700;0;3555
29/03/2021;Melilla;6660;800;3700;0;2417
29/03/2021;Fuerzas Armadas;19500;0;33100;0;4843
29/03/2021;España;5797545;650400;2060500;0;2604209
30/03/2021;Andalucía;999270;111200;361600;0;504413
30/03/2021;Aragón;187515;21700;56800;0;85878
30/03/2021;Asturias;182255;20700;43600;0;82779
30/03/2021;Baleares;99810;11100;49900;0;44332
30/03/2021;Canarias;209400;22900;93000;0;100644
30/03/2021;Cantabria;88485;9700;24800;0;43235
30/03/2021;Castilla y Leon;413895;47700;102400;0;188388
30/03/2021;Castilla La Mancha;270135;31000;87400;0;117527
30/03/2021;Cataluña;923750;105400;332500;0;413857
30/03/2021;C Valenciana;518500;57800;216100;0;246023
30/03/2021;Extremadura;160955;17800;45400;0;73603
30/03/2021;Galicia;369835;41400;115500;0;147802
30/03/2021;La Rioja;45695;4800;13600;0;20528
30/03/2021;Madrid;753405;85200;289800;0;342872
30/03/2021;Murcia;179735;19800;64500;0;83687
30/03/2021;Navarra;86145;9700;28200;0;36342
30/03/2021;País Vasco;275940;30800;94900;0;101299
30/03/2021;Ceuta;6660;900;3700;0;3600
30/03/2021;Melilla;6660;800;3700;0;2419
30/03/2021;Fuerzas Armadas;19500;0;33100;0;4848
30/03/2021;España;5797545;650400;2060500;0;2644076
31/03/2021;Andalucía;1098720;168000;381600;0;507430
31/03/2021;Aragón;209745;35300;59900;0;89278
31/03/2021;Asturias;203315;32700;46000;0;87093
31/03/2021;Baleares;112680;18000;52700;0;45509
31/03/2021;Canarias;232800;35800;98100;0;104712
31/03/2021;Cantabria;97845;15300;26200;0;44056
31/03/2021;Castilla y Leon;463035;78300;108100;0;198064
31/03/2021;Castilla La Mancha;300555;49600;92200;0;122854
31/03/2021;Cataluña;1027880;168400;350800;0;421043
31/03/2021;C Valenciana;586360;96800;228100;0;251514
31/03/2021;Extremadura;178505;28100;47900;0;74629
31/03/2021;Galicia;427165;73600;121900;0;154528
31/03/2021;La Rioja;50375;7800;14400;0;20966
31/03/2021;Madrid;838815;136100;305800;0;359895
31/03/2021;Murcia;197285;29400;68100;0;85655
31/03/2021;Navarra;95505;15400;29800;0;37309
31/03/2021;País Vasco;314550;52900;100200;0;105534
31/03/2021;Ceuta;7830;1300;3900;0;3601
31/03/2021;Melilla;7830;1200;3900;0;2423
31/03/2021;Fuerzas Armadas;19500;0;36100;0;4991
31/03/2021;España;6470295;1044000;2175700;0;2721084
01/04/2021;Andalucía;1098720;168000;381600;0;514632
01/04/2021;Aragón;209745;35300;59900;0;93627
01/04/2021;Asturias;203315;32700;46000;0;89604
01/04/2021;Baleares;112680;18000;52700;0;45509
01/04/2021;Canarias;232800;35800;98100;0;108593
01/04/2021;Cantabria;97845;15300;26200;0;44056
01/04/2021;Castilla y Leon;463035;78300;108100;0;207364
01/04/2021;Castilla La Mancha;300555;49600;92200;0;122854
01/04/2021;Cataluña;1027880;168400;350800;0;431509
01/04/2021;C Valenciana;586360;96800;228100;0;257143
01/04/2021;Extremadura;178505;28100;47900;0;76693
01/04/2021;Galicia;427165;73600;121900;0;162397
01/04/2021;La Rioja;50375;7800;14400;0;21980
01/04/2021;Madrid;838815;136100;305800;0;376909
01/04/2021;Murcia;197285;29400;68100;0;87958
01/04/2021;Navarra;95505;15400;29800;0;39638
01/04/2021;País Vasco;314550;52900;100200;0;105534
01/04/2021;Ceuta;7830;1300;3900;0;3601
01/04/2021;Melilla;7830;1200;3900;0;2423
01/04/2021;Fuerzas Armadas;19500;0;36100;0;4991
01/04/2021;España;6470295;1044000;2175700;0;2797015
03/04/2021;Andalucía;1098720;168000;381600;0;521910
03/04/2021;Aragón;209745;35300;59900;0;96792
03/04/2021;Asturias;203315;32700;46000;0;91655
03/04/2021;Baleares;112680;18000;52700;0;49234
03/04/2021;Canarias;232800;35800;98100;0;108921
03/04/2021;Cantabria;97845;15300;26200;0;44814
03/04/2021;Castilla y Leon;463035;78300;108100;0;208312
03/04/2021;Castilla La Mancha;300555;49600;92200;0;130907
03/04/2021;Cataluña;1027880;168400;350800;0;431509
03/04/2021;C Valenciana;586360;96800;228100;0;262265
03/04/2021;Extremadura;178505;28100;47900;0;76769
03/04/2021;Galicia;427165;73600;121900;0;170558
03/04/2021;La Rioja;50375;7800;14400;0;23560
03/04/2021;Madrid;838815;136100;305800;0;377302
03/04/2021;Murcia;197285;29400;68100;0;90452
03/04/2021;Navarra;95505;15400;29800;0;39638
03/04/2021;País Vasco;314550;52900;100200;0;105534
03/04/2021;Ceuta;7830;1300;3900;0;3601
03/04/2021;Melilla;7830;1200;3900;0;2423
03/04/2021;Fuerzas Armadas;19500;0;36100;0;4992
03/04/2021;España;6470295;1044000;2175700;0;2841148
05/04/2021;Andalucía;1098720;168000;381600;0;522041
05/04/2021;Aragón;209745;35300;59900;0;96812
05/04/2021;Asturias;203315;32700;46000;0;92794
05/04/2021;Baleares;112680;18000;52700;0;49354
05/04/2021;Canarias;232800;35800;98100;0;109212
05/04/2021;Cantabria;97845;15300;26200;0;44814
05/04/2021;Castilla y Leon;463035;78300;108100;0;208338
05/04/2021;Castilla La Mancha;300555;49600;92200;0;131200
05/04/2021;Cataluña;1027880;168400;350800;0;439817
05/04/2021;C Valenciana;586360;96800;228100;0;262860
05/04/2021;Extremadura;178505;28100;47900;0;76771
05/04/2021;Galicia;427165;73600;121900;0;171172
05/04/2021;La Rioja;50375;7800;14400;0;23560
05/04/2021;Madrid;838815;136100;305800;0;377368
05/04/2021;Murcia;197285;29400;68100;0;90458
05/04/2021;Navarra;95505;15400;29800;0;39638
05/04/2021;País Vasco;314550;52900;100200;0;105535
05/04/2021;Ceuta;7830;1300;3900;0;3633
05/04/2021;Melilla;7830;1200;3900;0;2430
05/04/2021;Fuerzas Armadas;19500;0;36100;0;4999
05/04/2021;España;6470295;1044000;2175700;0;2852806
06/04/2021;Andalucía;1283580;168000;564800;0;525160
06/04/2021;Aragón;250695;35300;88700;0;96905
06/04/2021;Asturias;241925;32700;68000;0;93428
06/04/2021;Baleares;136080;18000;78000;0;49433
06/04/2021;Canarias;276090;35800;145200;0;110228
06/04/2021;Cantabria;115395;15300;38800;0;44861
06/04/2021;Castilla y Leon;555465;78300;159900;0;213653
06/04/2021;Castilla La Mancha;356715;49600;136400;0;132737
06/04/2021;Cataluña;1220930;168400;519100;0;439833
06/04/2021;C Valenciana;711550;96800;337500;0;262861
06/04/2021;Extremadura;211265;28100;70900;0;77838
06/04/2021;Galicia;532465;73600;180300;0;176199
06/04/2021;La Rioja;50375;7800;21300;0;24234
06/04/2021;Madrid;996765;136100;452500;0;393636
06/04/2021;Murcia;228875;29400;100800;0;90836
06/04/2021;Navarra;113055;15400;44100;0;43166
06/04/2021;País Vasco;314550;52900;148200;0;116130
06/04/2021;Ceuta;9000;1300;5800;0;3635
06/04/2021;Melilla;9000;1200;5800;0;2491
06/04/2021;Fuerzas Armadas;19500;0;66100;0;5027
06/04/2021;España;7633275;1044000;3232200;0;2902291
07/04/2021;Andalucía;1283580;168000;564800;0;528666
07/04/2021;Aragón;250695;35300;88700;0;97890
07/04/2021;Asturias;241925;32700;68000;0;94778
07/04/2021;Baleares;136080;18000;78000;0;50943
07/04/2021;Canarias;276090;35800;145200;0;110228
07/04/2021;Cantabria;115395;15300;38800;0;44961
07/04/2021;Castilla y Leon;555465;78300;159900;0;220281
07/04/2021;Castilla La Mancha;356715;49600;136400;0;138615
07/04/2021;Cataluña;1220930;168400;519100;0;442488
07/04/2021;C Valenciana;711550;96800;337500;0;262860
07/04/2021;Extremadura;211265;28100;70900;0;80163
07/04/2021;Galicia;532465;73600;180300;0;176201
07/04/2021;La Rioja;50375;7800;21300;0;24257
07/04/2021;Madrid;996765;136100;452500;0;407536
07/04/2021;Murcia;228875;29400;100800;0;90860
07/04/2021;Navarra;113055;15400;44100;0;43800
07/04/2021;País Vasco;314550;52900;148200;0;116143
07/04/2021;Ceuta;9000;1300;5800;0;3639
07/04/2021;Melilla;9000;1200;5800;0;2490
07/04/2021;Fuerzas Armadas;19500;0;66100;0;5032
07/04/2021;España;7633275;1044000;3232200;0;2941831
08/04/2021;Andalucía;1283580;168000;564800;0;531513
08/04/2021;Aragón;250695;35300;88700;0;100046
08/04/2021;Asturias;241925;32700;68000;0;95081
08/04/2021;Baleares;140760;18000;78000;0;53422
08/04/2021;Canarias;276090;35800;145200;0;113498
08/04/2021;Cantabria;115395;15300;38800;0;44962
08/04/2021;Castilla y Leon;555465;78300;159900;0;225202
08/04/2021;Castilla La Mancha;356715;49600;136400;0;145499
08/04/2021;Cataluña;1220930;168400;519100;0;448496
08/04/2021;C Valenciana;711550;96800;337500;0;277761
08/04/2021;Extremadura;211265;28100;70900;0;82947
08/04/2021;Galicia;532465;73600;180300;0;182845
08/04/2021;La Rioja;59735;7800;21300;0;24479
08/04/2021;Madrid;996765;136100;452500;0;418706
08/04/2021;Murcia;228875;29400;100800;0;94507
08/04/2021;Navarra;113055;15400;44100;0;45497
08/04/2021;País Vasco;384750;52900;148200;0;124458
08/04/2021;Ceuta;9000;1300;5800;0;3640
08/04/2021;Melilla;9000;1200;5800;0;2637
08/04/2021;Fuerzas Armadas;19500;0;66100;0;5254
08/04/2021;España;7717515;1044000;3232200;0;3020450
09/04/2021;Andalucía;1283580;168000;564800;0;535937
09/04/2021;Aragón;250695;35300;88700;0;101671
09/04/2021;Asturias;241925;32700;68000;0;95799
09/04/2021;Baleares;140760;18000;78000;0;55060
09/04/2021;Canarias;276090;35800;145200;0;114466
09/04/2021;Cantabria;115395;15300;38800;0;45027
09/04/2021;Castilla y Leon;555465;78300;159900;0;229786
09/04/2021;Castilla La Mancha;356715;49600;136400;0;149936
09/04/2021;Cataluña;1220930;168400;519100;0;452141
09/04/2021;C Valenciana;711550;96800;337500;0;284106
09/04/2021;Extremadura;211265;28100;70900;0;85931
09/04/2021;Galicia;532465;73600;180300;0;185443
09/04/2021;La Rioja;59735;7800;21300;0;24721
09/04/2021;Madrid;996765;136100;452500;0;426266
09/04/2021;Murcia;228875;29400;100800;0;98740
09/04/2021;Navarra;113055;15400;44100;0;46365
09/04/2021;País Vasco;384750;52900;148200;0;128843
09/04/2021;Ceuta;9000;1300;5800;0;3641
09/04/2021;Melilla;9000;1200;5800;0;2934
09/04/2021;Fuerzas Armadas;19500;0;66100;0;5296
09/04/2021;España;7717515;1044000;3232200;0;3072109
12/04/2021;Andalucía;1283580;168000;564800;0;540164
12/04/2021;Aragón;250695;35300;88700;0;102152
12/04/2021;Asturias;241925;32700;68000;0;97223
12/04/2021;Baleares;140760;18000;78000;0;56911
12/04/2021;Canarias;276090;35800;145200;0;115354
12/04/2021;Cantabria;115395;15300;38800;0;45346
12/04/2021;Castilla y Leon;555465;78300;159900;0;233240
12/04/2021;Castilla La Mancha;356715;49600;136400;0;152210
12/04/2021;Cataluña;1220930;168400;519100;0;457916
12/04/2021;C Valenciana;711550;96800;337500;0;284107
12/04/2021;Extremadura;211265;28100;70900;0;86236
12/04/2021;Galicia;532465;73600;180300;0;186056
12/04/2021;La Rioja;59735;7800;21300;0;24854
12/04/2021;Madrid;996765;136100;452500;0;431625
12/04/2021;Murcia;228875;29400;100800;0;99406
12/04/2021;Navarra;113055;15400;44100;0;48318
12/04/2021;País Vasco;384750;52900;148200;0;134921
12/04/2021;Ceuta;9000;1300;5800;0;3642
12/04/2021;Melilla;9000;1200;5800;0;3431
12/04/2021;Fuerzas Armadas;19500;0;66100;0;5325
12/04/2021;España;7717515;1044000;3232200;0;3108437
13/04/2021;Andalucía;1468440;219200;564800;0;543734
13/04/2021;Aragón;291645;45800;88700;0;102164
13/04/2021;Asturias;280535;42200;68000;0;98293
13/04/2021;Baleares;158310;24300;81400;0;56938
13/04/2021;Canarias;319380;47800;145200;0;115549
13/04/2021;Cantabria;132945;19900;40500;0;45734
13/04/2021;Castilla y Leon;647895;100800;166900;0;234827
13/04/2021;Castilla La Mancha;412875;63800;142400;0;152656
13/04/2021;Cataluña;1413980;221100;519100;0;458345
13/04/2021;C Valenciana;836740;131600;352300;0;286544
13/04/2021;Extremadura;244025;36200;70900;0;86230
13/04/2021;Galicia;637765;98800;180300;0;191095
13/04/2021;La Rioja;69095;10200;21300;0;24989
13/04/2021;Madrid;1154715;179300;452500;0;435246
13/04/2021;Murcia;260465;37700;100800;0;99416
13/04/2021;Navarra;130605;20100;44100;0;48742
13/04/2021;País Vasco;454950;70900;148200;0;142912
13/04/2021;Ceuta;10170;1600;5800;0;3645
13/04/2021;Melilla;10170;1200;5800;0;3714
13/04/2021;Fuerzas Armadas;19500;0;66100;0;5318
13/04/2021;España;8954205;1372500;3265100;0;3136091
14/04/2021;Andalucía;1468440;219200;564800;0;550974
14/04/2021;Aragón;291645;45800;88700;0;102872
14/04/2021;Asturias;280535;42200;68000;0;101013
14/04/2021;Baleares;158310;24300;81400;0;57582
14/04/2021;Canarias;319380;47800;145200;0;116073
14/04/2021;Cantabria;132945;19900;40500;0;46159
14/04/2021;Castilla y Leon;647895;100800;166900;0;238032
14/04/2021;Castilla La Mancha;412875;63800;142400;0;155240
14/04/2021;Cataluña;1413980;221100;519100;0;462140
14/04/2021;C Valenciana;836740;131600;352300;0;289914
14/04/2021;Extremadura;244025;36200;70900;0;90177
14/04/2021;Galicia;637765;98800;180300;0;196446
14/04/2021;La Rioja;69095;10200;21300;0;25236
14/04/2021;Madrid;1154715;179300;452500;0;437879
14/04/2021;Murcia;260465;37700;100800;0;99986
14/04/2021;Navarra;130605;20100;44100;0;50233
14/04/2021;País Vasco;454950;70900;148200;0;152335
14/04/2021;Ceuta;10170;1600;5800;0;3706
14/04/2021;Melilla;10170;1200;5800;0;3857
14/04/2021;Fuerzas Armadas;19500;0;66100;0;5332
14/04/2021;España;8954205;1372500;3265100;0;3185186
15/04/2021;Andalucía;1468440;219200;564800;0;560007
15/04/2021;Aragón;291645;45800;88700;0;104466
15/04/2021;Asturias;280535;42200;68000;0;104825
15/04/2021;Baleares;158310;24300;81400;0;59713
15/04/2021;Canarias;319380;47800;145200;0;116880
15/04/2021;Cantabria;132945;19900;40500;0;47169
15/04/2021;Castilla y Leon;647895;100800;166900;0;242251
15/04/2021;Castilla La Mancha;412875;63800;142400;0;159850
15/04/2021;Cataluña;1413980;221100;519100;0;470099
15/04/2021;C Valenciana;836740;131600;352300;0;297337
15/04/2021;Extremadura;244025;36200;70900;0;95422
15/04/2021;Galicia;637765;98800;180300;0;202820
15/04/2021;La Rioja;69095;10200;21300;0;25820
15/04/2021;Madrid;1154715;179300;452500;0;440451
15/04/2021;Murcia;260465;37700;100800;0;101109
15/04/2021;Navarra;130605;20100;44100;0;51971
15/04/2021;País Vasco;454950;70900;148200;0;160093
15/04/2021;Ceuta;10170;1600;5800;0;3782
15/04/2021;Melilla;10170;1200;5800;0;4060
15/04/2021;Fuerzas Armadas;19500;0;66100;0;5412
15/04/2021;España;8954205;1372500;3265100;0;3253537
16/04/2021;Andalucía;1468440;219200;589600;0;573151
16/04/2021;Aragón;291645;45800;92600;0;107869
16/04/2021;Asturias;280535;42200;71000;0;109458
16/04/2021;Baleares;162990;24300;81400;0;61620
16/04/2021;Canarias;319380;47800;151600;0;118621
16/04/2021;Cantabria;132945;19900;40500;0;47914
16/04/2021;Castilla y Leon;647895;100800;166900;0;247316
16/04/2021;Castilla La Mancha;412875;63800;142400;0;163851
16/04/2021;Cataluña;1413980;221100;541900;0;482048
16/04/2021;C Valenciana;836740;131600;352300;0;304531
16/04/2021;Extremadura;244025;36200;74000;0;99661
16/04/2021;Galicia;637765;98800;188300;0;209866
16/04/2021;La Rioja;69095;10200;22200;0;25994
16/04/2021;Madrid;1154715;179300;472500;0;442642
16/04/2021;Murcia;260465;37700;105200;0;101760
16/04/2021;Navarra;130605;20100;46000;0;54073
16/04/2021;País Vasco;454950;70900;154700;0;164747
16/04/2021;Ceuta;10170;1600;6100;0;3791
16/04/2021;Melilla;10170;1500;6100;0;4293
16/04/2021;Fuerzas Armadas;19500;0;66100;0;5495
16/04/2021;España;8958885;1372800;3371400;0;3328701
19/04/2021;Andalucía;1468440;219200;589600;0;592173
19/04/2021;Aragón;291645;45800;92600;0;111531
19/04/2021;Asturias;280535;42200;71000;0;113806
19/04/2021;Baleares;162990;24300;81400;0;63725
19/04/2021;Canarias;319380;47800;151600;0;120592
19/04/2021;Cantabria;132945;19900;40500;0;48830
19/04/2021;Castilla y Leon;647895;100800;166900;0;251437
19/04/2021;Castilla La Mancha;412875;63800;142400;0;166655
19/04/2021;Cataluña;1413980;221100;541900;0;496943
19/04/2021;C Valenciana;836740;131600;352300;0;308684
19/04/2021;Extremadura;244025;36200;74000;0;100860
19/04/2021;Galicia;637765;98800;188300;0;216237
19/04/2021;La Rioja;69095;10200;22200;0;26201
19/04/2021;Madrid;1154715;179300;472500;0;452575
19/04/2021;Murcia;260465;37700;105200;0;102077
19/04/2021;Navarra;130605;20100;46000;0;55347
19/04/2021;País Vasco;454950;70900;154700;0;170574
19/04/2021;Ceuta;10170;1600;6100;0;3792
19/04/2021;Melilla;10170;1500;6100;0;4294
19/04/2021;Fuerzas Armadas;19500;0;66100;0;5581
19/04/2021;España;8958885;1372800;3371400;0;3411914
20/04/2021;Andalucía;1653300;219200;589600;0;592173
20/04/2021;Aragón;332595;45800;92600;0;112177
20/04/2021;Asturias;319145;42200;71000;0;115109
20/04/2021;Baleares;179370;24300;81400;0;64049
20/04/2021;Canarias;340440;47800;151600;0;123087
20/04/2021;Cantabria;150495;19900;40500;0;50550
20/04/2021;Castilla y Leon;740325;100800;166900;0;254240
20/04/2021;Castilla La Mancha;469035;63800;142400;0;170611
20/04/2021;Cataluña;1607030;221100;541900;0;498229
20/04/2021;C Valenciana;961930;131600;352300;0;314462
20/04/2021;Extremadura;276785;36200;74000;0;100876
20/04/2021;Galicia;743065;98800;188300;0;224951
20/04/2021;La Rioja;78455;10200;22200;0;26564
20/04/2021;Madrid;1312665;179300;472500;0;457232
20/04/2021;Murcia;292055;37700;105200;0;104198
20/04/2021;Navarra;148155;20100;46000;0;55832
20/04/2021;País Vasco;525150;70900;154700;0;174031
20/04/2021;Ceuta;11340;1600;6100;0;3792
20/04/2021;Melilla;11340;1500;6100;0;4369
20/04/2021;Fuerzas Armadas;19500;0;66100;0;5587
20/04/2021;España;10172175;1372800;3371400;0;3452119
21/04/2021;Andalucía;1653300;219200;589600;0;640471
21/04/2021;Aragón;332595;45800;92600;0;115570
21/04/2021;Asturias;319145;42200;71000;0;118801
21/04/2021;Baleares;179370;24300;81400;0;66514
21/04/2021;Canarias;340440;47800;151600;0;128305
21/04/2021;Cantabria;150495;19900;40500;0;53153
21/04/2021;Castilla y Leon;740325;100800;166900;0;262476
21/04/2021;Castilla La Mancha;469035;63800;142400;0;175928
21/04/2021;Cataluña;1607030;221100;541900;0;530490
21/04/2021;C Valenciana;961930;131600;352300;0;333917
21/04/2021;Extremadura;276785;36200;74000;0;106138
21/04/2021;Galicia;743065;98800;188300;0;232363
21/04/2021;La Rioja;78455;10200;22200;0;27190
21/04/2021;Madrid;1312665;179300;472500;0;463099
21/04/2021;Murcia;292055;37700;105200;0;107229
21/04/2021;Navarra;148155;20100;46000;0;57846
21/04/2021;País Vasco;525150;70900;154700;0;178224
21/04/2021;Ceuta;11340;1600;6100;0;3876
21/04/2021;Melilla;11340;1500;6100;0;4381
21/04/2021;Fuerzas Armadas;19500;0;66100;0;5635
21/04/2021;España;10172175;1372800;3371400;0;3611606
22/04/2021;Andalucía;1653300;219200;651300;26150;667970
22/04/2021;Aragón;332595;45800;102300;4100;119768
22/04/2021;Asturias;319145;42200;78400;3150;122607
22/04/2021;Baleares;184050;24300;89900;3600;69009
22/04/2021;Canarias;362670;47800;167400;6700;132821
22/04/2021;Cantabria;150495;19900;44700;1800;55401
22/04/2021;Castilla y Leon;740325;100800;184300;7400;269734
22/04/2021;Castilla La Mancha;469035;63800;157300;6300;184096
22/04/2021;Cataluña;1607030;221100;598600;24000;578629
22/04/2021;C Valenciana;961930;131600;389100;15600;356717
22/04/2021;Extremadura;276785;36200;81700;3300;112438
22/04/2021;Galicia;743065;98800;208000;8350;241155
22/04/2021;La Rioja;78455;10200;24500;1000;27622
22/04/2021;Madrid;1312665;179300;521900;20900;465052
22/04/2021;Murcia;292055;37700;116200;4650;112107
22/04/2021;Navarra;148155;20100;50800;2050;58861
22/04/2021;País Vasco;525150;70900;170900;6850;178897
22/04/2021;Ceuta;11340;1600;6800;250;4548
22/04/2021;Melilla;11340;1500;6800;250;4732
22/04/2021;Fuerzas Armadas;19500;0;66100;0;5851
22/04/2021;España;10199085;1372800;3717000;146400;3768015
23/04/2021;Andalucía;1653300;219200;651300;26150;679839
23/04/2021;Aragón;332595;45800;102300;4100;123399
23/04/2021;Asturias;319145;42200;78400;3150;124956
23/04/2021;Baleares;184050;24300;89900;3600;70310
23/04/2021;Canarias;362670;47800;167400;6700;135496
23/04/2021;Cantabria;150495;19900;44700;1800;55727
23/04/2021;Castilla y Leon;740325;100800;184300;7400;269734
23/04/2021;Castilla La Mancha;469035;63800;157300;6300;187544
23/04/2021;Cataluña;1607030;221100;598600;24000;617855
23/04/2021;C Valenciana;961930;131600;389100;15600;377224
23/04/2021;Extremadura;276785;36200;81700;3300;114930
23/04/2021;Galicia;743065;98800;208000;8350;244002
23/04/2021;La Rioja;78455;10200;24500;1000;27658
23/04/2021;Madrid;1312665;179300;521900;20900;465880
23/04/2021;Murcia;292055;37700;116200;4650;112888
23/04/2021;Navarra;148155;20100;50800;2050;60385
23/04/2021;País Vasco;525150;70900;170900;6850;179393
23/04/2021;Ceuta;11340;1600;6800;250;4972
23/04/2021;Melilla;11340;1500;6800;250;4748
23/04/2021;Fuerzas Armadas;19500;0;66100;0;5849
23/04/2021;España;10199085;1372800;3717000;146400;3862789
26/04/2021;Andalucía;1653300;219200;651300;26150;690760
26/04/2021;Aragón;332595;45800;102300;4100;128024
26/04/2021;Asturias;319145;42200;78400;3150;127697
26/04/2021;Baleares;184050;24300;89900;3600;75111
26/04/2021;Canarias;362670;47800;167400;6700;141830
26/04/2021;Cantabria;150495;19900;44700;1800;56098
26/04/2021;Castilla y Leon;740325;100800;184300;7400;277383
26/04/2021;Castilla La Mancha;469035;63800;157300;6300;191370
26/04/2021;Cataluña;1607030;221100;598600;24000;629558
26/04/2021;C Valenciana;961930;131600;389100;15600;390622
26/04/2021;Extremadura;276785;36200;81700;3300;115281
26/04/2021;Galicia;743065;98800;208000;8350;250284
26/04/2021;La Rioja;78455;10200;24500;1000;27718
26/04/2021;Madrid;1312665;179300;521900;20900;471507
26/04/2021;Murcia;292055;37700;116200;4650;114351
26/04/2021;Navarra;148155;20100;50800;2050;60516
26/04/2021;País Vasco;525150;70900;170900;6850;183447
26/04/2021;Ceuta;11340;1600;6800;250;5049
26/04/2021;Melilla;11340;1500;6800;250;5010
26/04/2021;Fuerzas Armadas;19500;0;66100;0;5849
26/04/2021;España;10199085;1372800;3717000;146400;3947465
27/04/2021;Andalucía;1907190;248500;669700;26150;708503
27/04/2021;Aragón;393435;51800;105200;4100;128851
27/04/2021;Asturias;372965;47600;80600;3150;130719
27/04/2021;Baleares;207450;27900;92500;3600;75418
27/04/2021;Canarias;420000;47800;167400;6700;144380
27/04/2021;Cantabria;176235;22500;46000;1800;57389
27/04/2021;Castilla y Leon;877215;113700;189500;7400;282609
27/04/2021;Castilla La Mancha;552105;71900;161800;6300;191984
27/04/2021;Cataluña;1887830;251300;615500;24000;636479
27/04/2021;C Valenciana;1136260;151600;400000;15600;396305
27/04/2021;Extremadura;322415;40800;84000;3300;116466
27/04/2021;Galicia;886975;113300;213900;8350;262512
27/04/2021;La Rioja;92495;11600;25100;1000;27722
27/04/2021;Madrid;1539645;204000;536700;20900;476496
27/04/2021;Murcia;335345;42500;119500;4650;114470
27/04/2021;Navarra;173895;22800;52300;2050;64767
27/04/2021;País Vasco;623430;81200;175700;6850;189332
27/04/2021;Ceuta;12510;1600;7000;250;5110
27/04/2021;Melilla;12510;1500;7000;250;5580
27/04/2021;Fuerzas Armadas;25350;0;66100;0;5853
27/04/2021;España;11955255;1553900;3815500;146400;4020945
28/04/2021;Andalucía;1907190;248500;669700;26150;742497
28/04/2021;Aragón;393435;51800;105200;4100;132039
28/04/2021;Asturias;372965;47600;80600;3150;136430
28/04/2021;Baleares;207450;27900;92500;3600;77115
28/04/2021;Canarias;420000;47800;167400;6700;151029
28/04/2021;Cantabria;176235;22500;46000;1800;62091
28/04/2021;Castilla y Leon;877215;113700;189500;7400;292803
28/04/2021;Castilla La Mancha;552105;71900;161800;6300;196348
28/04/2021;Cataluña;1887830;251300;615500;24000;665118
28/04/2021;C Valenciana;1136260;151600;400000;15600;409245
28/04/2021;Extremadura;322415;40800;84000;3300;123042
28/04/2021;Galicia;886975;113300;213900;8350;272717
28/04/2021;La Rioja;92495;11600;25100;1000;28841
28/04/2021;Madrid;1539645;204000;536700;20900;489179
28/04/2021;Murcia;335345;42500;119500;4650;115951
28/04/2021;Navarra;173895;22800;52300;2050;65990
28/04/2021;País Vasco;623430;81200;175700;6850;189332
28/04/2021;Ceuta;12510;1600;7000;250;5554
28/04/2021;Melilla;12510;1500;7000;250;5584
28/04/2021;Fuerzas Armadas;19500;0;66100;0;5853
28/04/2021;España;11949405;1553900;3815500;146400;4166758
29/04/2021;Andalucía;1907190;248500;669700;26150;800160
29/04/2021;Aragón;393435;51800;105200;4100;141407
29/04/2021;Asturias;372965;47600;80600;3150;144084
29/04/2021;Baleares;207450;27900;92500;3600;81296
29/04/2021;Canarias;420000;47800;167400;6700;158731
29/04/2021;Cantabria;176235;22500;46000;1800;63250
29/04/2021;Castilla y Leon;877215;113700;189500;7400;307085
29/04/2021;Castilla La Mancha;552105;71900;161800;6300;204955
29/04/2021;Cataluña;1887830;251300;615500;24000;724242
29/04/2021;C Valenciana;1136260;151600;400000;15600;438808
29/04/2021;Extremadura;322415;40800;84000;3300;130600
29/04/2021;Galicia;886975;113300;213900;8350;280017
29/04/2021;La Rioja;92495;11600;25100;1000;30203
29/04/2021;Madrid;1539645;204000;536700;20900;509048
29/04/2021;Murcia;335345;42500;119500;4650;117873
29/04/2021;Navarra;173895;22800;52300;2050;67555
29/04/2021;País Vasco;623430;81200;175700;6850;196476
29/04/2021;Ceuta;12510;1600;7000;250;5921
29/04/2021;Melilla;12510;1500;7000;250;6143
29/04/2021;Fuerzas Armadas;19500;0;66100;0;5930
29/04/2021;España;11949405;1553900;3815500;146400;4413784
30/04/2021;Andalucía;1907190;248500;669700;48650;846489
30/04/2021;Aragón;393435;51800;105200;7600;150773
30/04/2021;Asturias;372965;47600;80600;5850;152091
30/04/2021;Baleares;214470;27900;92500;6700;86442
30/04/2021;Canarias;420000;54700;172100;12500;165908
30/04/2021;Cantabria;176235;22500;46000;3300;67988
30/04/2021;Castilla y Leon;877215;113700;189500;13800;328108
30/04/2021;Castilla La Mancha;552105;71900;161800;11700;216193
30/04/2021;Cataluña;1887830;251300;615500;44700;783350
30/04/2021;C Valenciana;1136260;151600;400000;29000;478277
30/04/2021;Extremadura;322415;40800;84000;6100;139277
30/04/2021;Galicia;886975;113300;213900;15550;286955
30/04/2021;La Rioja;92495;11600;25100;1900;33201
30/04/2021;Madrid;1539645;204000;536700;38900;532421
30/04/2021;Murcia;335345;42500;119500;8650;119550
30/04/2021;Navarra;173895;22800;52300;3850;70744
30/04/2021;País Vasco;623430;81200;175700;12750;210988
30/04/2021;Ceuta;12510;1800;7000;450;6560
30/04/2021;Melilla;12510;1700;7000;450;6315
30/04/2021;Fuerzas Armadas;19500;0;66100;0;8136
30/04/2021;España;11956425;1561200;3820200;272400;4689766
03/05/2021;Andalucía;1907190;248500;669700;48650;875965
03/05/2021;Aragón;393435;51800;105200;7600;158117
03/05/2021;Asturias;372965;47600;80600;5850;169659
03/05/2021;Baleares;214470;27900;92500;6700;95405
03/05/2021;Canarias;420000;54700;172100;12500;177051
03/05/2021;Cantabria;176235;22500;46000;3300;75620
03/05/2021;Castilla y Leon;877215;113700;189500;13800;345998
03/05/2021;Castilla La Mancha;552105;71900;161800;11700;226583
03/05/2021;Cataluña;1887830;251300;615500;44700;831979
03/05/2021;C Valenciana;1136260;151600;400000;29000;507293
03/05/2021;Extremadura;322415;40800;84000;6100;151653
03/05/2021;Galicia;886975;113300;213900;15550;383988
03/05/2021;La Rioja;92495;11600;25100;1900;34509
03/05/2021;Madrid;1539645;204000;536700;38900;589400
03/05/2021;Murcia;335345;42500;119500;8650;125689
03/05/2021;Navarra;173895;22800;52300;3850;76525
03/05/2021;País Vasco;623430;81200;175700;12750;247312
03/05/2021;Ceuta;12510;1800;7000;450;10884
03/05/2021;Melilla;12510;1700;7000;450;7137
03/05/2021;Fuerzas Armadas;19500;0;66100;0;8136
03/05/2021;España;11956425;1561200;3820200;272400;5098903
04/05/2021;Andalucía;2185650;282000;951000;48650;915632
04/05/2021;Aragón;444915;58700;149400;7600;160122
04/05/2021;Asturias;419765;53800;114600;5850;171486
04/05/2021;Baleares;240210;32000;131500;6700;99077
04/05/2021;Canarias;486690;62500;244500;12500;181456
04/05/2021;Cantabria;198465;25500;65400;3300;73278
04/05/2021;Castilla y Leon;982515;128400;269100;13800;355998
04/05/2021;Castilla La Mancha;619965;81200;228800;11700;227099
04/05/2021;Cataluña;2160440;285700;874100;44700;842090
04/05/2021;C Valenciana;1323460;174300;568100;29000;517502
04/05/2021;Extremadura;362195;46000;119400;6100;147161
04/05/2021;Galicia;1010995;129800;303700;15550;390209
04/05/2021;La Rioja;104195;13200;35700;1900;36366
04/05/2021;Madrid;1765455;232200;762000;38900;601333
04/05/2021;Murcia;379805;47900;169800;8650;124621
04/05/2021;Navarra;197295;25900;74300;3850;78814
04/05/2021;País Vasco;714690;93000;249500;12750;257528
04/05/2021;Ceuta;14850;2000;10000;450;6884
04/05/2021;Melilla;13680;1900;10000;450;6376
04/05/2021;Fuerzas Armadas;21840;0;66100;0;9265
04/05/2021;España;13647075;1776000;5397000;272400;5202297
05/05/2021;Andalucía;2185650;282000;951000;48650;948493
05/05/2021;Aragón;444915;58700;149400;7600;164503
05/05/2021;Asturias;419765;53800;114600;5850;178585
05/05/2021;Baleares;240210;32000;131500;6700;102134
05/05/2021;Canarias;486690;62500;244500;12500;193483
05/05/2021;Cantabria;198465;25500;65400;3300;77115
05/05/2021;Castilla y Leon;982515;128400;269100;13800;368204
05/05/2021;Castilla La Mancha;619965;81200;228800;11700;233119
05/05/2021;Cataluña;2160440;285700;874100;44700;875816
05/05/2021;C Valenciana;1323460;174300;568100;29000;541465
05/05/2021;Extremadura;362195;46000;119400;6100;153080
05/05/2021;Galicia;1010995;129800;303700;15550;392839
05/05/2021;La Rioja;104195;13200;35700;1900;38673
05/05/2021;Madrid;1765455;232200;762000;38900;627866
05/05/2021;Murcia;379805;47900;169800;8650;127625
05/05/2021;Navarra;197295;25900;74300;3850;81678
05/05/2021;País Vasco;714690;93000;249500;12750;266384
05/05/2021;Ceuta;14850;2000;10000;450;7405
05/05/2021;Melilla;13680;1900;10000;450;6571
05/05/2021;Fuerzas Armadas;21840;0;66100;0;9277
05/05/2021;España;13647075;1776000;5397000;272400;5394315
06/05/2021;Andalucía;2185650;282000;951000;48650;990328
06/05/2021;Aragón;444915;58700;149400;7600;181357
06/05/2021;Asturias;419765;53800;114600;5850;182899
06/05/2021;Baleares;240210;32000;131500;6700;106446
06/05/2021;Canarias;486690;62500;244500;12500;204189
06/05/2021;Cantabria;198465;25500;65400;3300;80522
06/05/2021;Castilla y Leon;982515;128400;269100;13800;386520
06/05/2021;Castilla La Mancha;619965;81200;228800;11700;246196
06/05/2021;Cataluña;2160440;285700;874100;44700;929062
06/05/2021;C Valenciana;1323460;174300;568100;29000;573882
06/05/2021;Extremadura;362195;46000;119400;6100;160400
06/05/2021;Galicia;1010995;129800;303700;15550;436571
06/05/2021;La Rioja;104195;13200;35700;1900;40052
06/05/2021;Madrid;1765455;232200;762000;38900;661812
06/05/2021;Murcia;379805;47900;169800;8650;130579
06/05/2021;Navarra;197295;25900;74300;3850;83911
06/05/2021;País Vasco;714690;93000;249500;12750;278413
06/05/2021;Ceuta;14850;2000;10000;450;7705
06/05/2021;Melilla;13680;1900;10000;450;6593
06/05/2021;Fuerzas Armadas;21840;0;66100;0;9390
06/05/2021;España;13647075;1776000;5397000;272400;5696827
07/05/2021;Andalucía;2185650;282000;951000;48650;1029757
07/05/2021;Aragón;444915;58700;149400;7600;197199
07/05/2021;Asturias;419765;53800;114600;5850;187271
07/05/2021;Baleares;248400;32000;131500;6700;110928
07/05/2021;Canarias;486690;62500;244500;12500;214316
07/05/2021;Cantabria;198465;25500;65400;3300;83985
07/05/2021;Castilla y Leon;982515;128400;269100;13800;412088
07/05/2021;Castilla La Mancha;619965;81200;228800;11700;260179
07/05/2021;Cataluña;2160440;285700;874100;44700;978279
07/05/2021;C Valenciana;1323460;174300;568100;29000;607863
07/05/2021;Extremadura;362195;46000;119400;6100;167167
07/05/2021;Galicia;1010995;129800;303700;15550;439283
07/05/2021;La Rioja;104195;13200;35700;1900;41874
07/05/2021;Madrid;1765455;232200;762000;38900;692562
07/05/2021;Murcia;379805;47900;169800;8650;136209
07/05/2021;Navarra;197295;25900;74300;3850;86079
07/05/2021;País Vasco;714690;93000;249500;12750;287261
07/05/2021;Ceuta;14850;2000;10000;450;7978
07/05/2021;Melilla;13680;1900;10000;450;6766
07/05/2021;Fuerzas Armadas;21840;0;66100;0;9407
07/05/2021;España;13655265;1776000;5397000;272400;5956451
10/05/2021;Andalucía;2185650;282000;951000;48650;1069259
10/05/2021;Aragón;444915;58700;149400;7600;205240
10/05/2021;Asturias;419765;53800;114600;5850;195898
10/05/2021;Baleares;248400;32000;131500;6700;117798
10/05/2021;Canarias;486690;62500;244500;12500;225694
10/05/2021;Cantabria;198465;25500;65400;3300;88184
10/05/2021;Castilla y Leon;982515;128400;269100;13800;429862
10/05/2021;Castilla La Mancha;619965;81200;228800;11700;270755
10/05/2021;Cataluña;2160440;285700;874100;44700;1012040
10/05/2021;C Valenciana;1323460;174300;568100;29000;638127
10/05/2021;Extremadura;362195;46000;119400;6100;171219
10/05/2021;Galicia;1010995;129800;303700;15550;455892
10/05/2021;La Rioja;104195;13200;35700;1900;45053
10/05/2021;Madrid;1765455;232200;762000;38900;736874
10/05/2021;Murcia;379805;47900;169800;8650;149216
10/05/2021;Navarra;197295;25900;74300;3850;91187
10/05/2021;País Vasco;714690;93000;249500;12750;294856
10/05/2021;Ceuta;14850;2000;10000;450;8081
10/05/2021;Melilla;13680;1900;10000;450;6766
10/05/2021;Fuerzas Armadas;21840;0;66100;0;9475
10/05/2021;España;13655265;1776000;5397000;272400;6221476
11/05/2021;Andalucía;2465280;337000;951000;48650;1093444
11/05/2021;Aragón;496395;67300;149400;7600;205767
11/05/2021;Asturias;466565;60400;114600;5850;200582
11/05/2021;Baleares;274140;39600;131500;6700;119185
11/05/2021;Canarias;553380;76600;244500;12500;230362
11/05/2021;Cantabria;220695;29300;65400;3300;88648
11/05/2021;Castilla y Leon;1087815;144000;269100;13800;438362
11/05/2021;Castilla La Mancha;687825;94500;228800;11700;271684
11/05/2021;Cataluña;2434220;336200;874100;44700;1015798
11/05/2021;C Valenciana;1511830;207100;568100;29000;649248
11/05/2021;Extremadura;401975;52900;119400;6100;171677
11/05/2021;Galicia;1135015;147400;303700;15550;459785
11/05/2021;La Rioja;115895;15300;35700;1900;46254
11/05/2021;Madrid;1992435;276200;762000;38900;767401
11/05/2021;Murcia;424265;57700;169800;8650;153721
11/05/2021;Navarra;220695;30200;74300;3850;94191
11/05/2021;País Vasco;805950;107400;249500;12750;296856
11/05/2021;Ceuta;17190;2600;10000;450;8231
11/05/2021;Melilla;17190;2500;10000;450;6766
11/05/2021;Fuerzas Armadas;21840;3400;66100;0;9485
11/05/2021;España;15350595;2087600;5397000;272400;6327447
12/05/2021;Andalucía;2465280;337000;951000;48650;1119700
12/05/2021;Aragón;496395;67300;149400;7600;212832
12/05/2021;Asturias;466565;60400;114600;5850;207221
12/05/2021;Baleares;274140;39600;131500;6700;121931
12/05/2021;Canarias;553380;76600;244500;12500;239189
12/05/2021;Cantabria;220695;29300;65400;3300;90800
12/05/2021;Castilla y Leon;1087815;144000;269100;13800;455402
12/05/2021;Castilla La Mancha;687825;94500;228800;11700;277031
12/05/2021;Cataluña;2434220;336200;874100;44700;1029511
12/05/2021;C Valenciana;1511830;207100;568100;29000;671781
12/05/2021;Extremadura;401975;52900;119400;6100;176217
12/05/2021;Galicia;1135015;147400;303700;15550;461602
12/05/2021;La Rioja;115895;15300;35700;1900;48747
12/05/2021;Madrid;1992435;276200;762000;38900;797465
12/05/2021;Murcia;424265;57700;169800;8650;162248
12/05/2021;Navarra;220695;30200;74300;3850;97255
12/05/2021;País Vasco;805950;107400;249500;12750;309205
12/05/2021;Ceuta;17190;2600;10000;450;8248
12/05/2021;Melilla;17190;2500;10000;450;7089
12/05/2021;Fuerzas Armadas;21840;3400;66100;0;9504
12/05/2021;España;15350595;2087600;5397000;272400;6502978
13/05/2021;Andalucía;2465280;337000;951000;48650;1144670
13/05/2021;Aragón;496395;67300;149400;7600;227234
13/05/2021;Asturias;466565;60400;114600;5850;214076
13/05/2021;Baleares;274140;39600;131500;6700;126233
13/05/2021;Canarias;553380;76600;244500;12500;247468
13/05/2021;Cantabria;220695;29300;65400;3300;92243
13/05/2021;Castilla y Leon;1087815;144000;269100;13800;455402
13/05/2021;Castilla La Mancha;687825;94500;228800;11700;292955
13/05/2021;Cataluña;2434220;336200;874100;44700;1047955
13/05/2021;C Valenciana;1511830;207100;568100;29000;681403
13/05/2021;Extremadura;401975;52900;119400;6100;182588
13/05/2021;Galicia;1135015;147400;303700;15550;514070
13/05/2021;La Rioja;115895;15300;35700;1900;50551
13/05/2021;Madrid;1992435;276200;762000;38900;827497
13/05/2021;Murcia;424265;57700;169800;8650;170427
13/05/2021;Navarra;220695;30200;74300;3850;100097
13/05/2021;País Vasco;805950;107400;249500;12750;316410
13/05/2021;Ceuta;17190;2600;10000;450;8257
13/05/2021;Melilla;17190;2500;10000;450;7090
13/05/2021;Fuerzas Armadas;21840;3400;66100;0;9530
13/05/2021;España;15350595;2087600;5397000;272400;6716156
